Product Name,Product Link,Image URL,Price,Original Price
"Lifelong Fit Pro Spin Fitness Bike with 7Kg Flywheel, Adjustable Resistance & Heart Rate Sensor for Fitness at Home Workouts|Max Weight Capacity: 100 kg (LLSBB50, Black)",https://www.amazon.in/sspa/click?ie=UTF8&spc=MTo3Mjc5MDgyNjgwNzA5MjMzOjE3NDc3Mzk0NDU6c3BfYXRmOjMwMDQyODU2MTU4NzczMjo6MDo6&url=%2FLifelong-Flywheel-Adjustable-Resistance-Workouts%2Fdp%2FB0C6M315RN%2Fref%3Dsr_1_1_sspa%3Fdib%3DeyJ2IjoiMSJ9.2GyWd3PEmpQnuFX-7veKRMlClkHeJPCG2QmuhBfGJJ8PEJG9a_xSJkfp_l7x5ocAENAf6-tIulC6r2nrS1yjpDXy38tk1xlPJfzybh8Tq5QUBGOKZbBC5HRCKq5t55MXc9e-h6_E3dUNSp5Q7OQJXHFmr71Uw5KXRheaVfowbnfYsCjFgDNLeQpQoXn3eJItx50XYpV1y-CxiQrxNfmYa_R4aNBB8tCnw4AY2jx09Hg.mVsXruSesPEB-3AYkW4hEUyzER5OQRZcKUIbDlKyDOU%26dib_tag%3Dse%26keywords%3Dcycling%26qid%3D1747739445%26sr%3D8-1-spons%26sp_csd%3Dd2lkZ2V0TmFtZT1zcF9hdGY%26psc%3D1,https://m.media-amazon.com/images/I/71ljhuGlVnL._AC_UY218_.jpg,"₹9,999","₹25,999"
"Hipkoo Sports Skating Guard, Cycling Protection Set | Multi Sport Gear, Helmet Elbow Guards Knee Caps & Hand Gloves (Large) Kit (Suitable for Age Group Upto 12 Years Old), Green, Plastic",https://www.amazon.in/sspa/click?ie=UTF8&spc=MTo3Mjc5MDgyNjgwNzA5MjMzOjE3NDc3Mzk0NDU6c3BfYXRmOjMwMDU2NjM2MjcxNzIzMjo6MDo6&url=%2FSkating-Cycling-Protection-Suitable-Plastic%2Fdp%2FB0F1LWN8HZ%2Fref%3Dsr_1_2_sspa%3Fdib%3DeyJ2IjoiMSJ9.2GyWd3PEmpQnuFX-7veKRMlClkHeJPCG2QmuhBfGJJ8PEJG9a_xSJkfp_l7x5ocAENAf6-tIulC6r2nrS1yjpDXy38tk1xlPJfzybh8Tq5QUBGOKZbBC5HRCKq5t55MXc9e-h6_E3dUNSp5Q7OQJXHFmr71Uw5KXRheaVfowbnfYsCjFgDNLeQpQoXn3eJItx50XYpV1y-CxiQrxNfmYa_R4aNBB8tCnw4AY2jx09Hg.mVsXruSesPEB-3AYkW4hEUyzER5OQRZcKUIbDlKyDOU%26dib_tag%3Dse%26keywords%3Dcycling%26qid%3D1747739445%26sr%3D8-2-spons%26sp_csd%3Dd2lkZ2V0TmFtZT1zcF9hdGY%26psc%3D1,https://m.media-amazon.com/images/I/61oqBXSDdzL._AC_UY218_.jpg,₹699,"₹9,985.71"
"SPARNOD FITNESS SMB-100 Mini Cycle Pedal Exerciser with Fixing Strap, Adjustable Resistance and Digital Display - Suitable for Light Exercise of Legs, Arms, and Physiotherapy at Home, Black",https://www.amazon.in/Sparnod-Fitness-Exerciser-Adjustable-Resistance/dp/B083VZT9PZ/ref=sr_1_3?dib=eyJ2IjoiMSJ9.2GyWd3PEmpQnuFX-7veKRMlClkHeJPCG2QmuhBfGJJ8PEJG9a_xSJkfp_l7x5ocAENAf6-tIulC6r2nrS1yjpDXy38tk1xlPJfzybh8Tq5QUBGOKZbBC5HRCKq5t55MXc9e-h6_E3dUNSp5Q7OQJXHFmr71Uw5KXRheaVfowbnfYsCjFgDNLeQpQoXn3eJItx50XYpV1y-CxiQrxNfmYa_R4aNBB8tCnw4AY2jx09Hg.mVsXruSesPEB-3AYkW4hEUyzER5OQRZcKUIbDlKyDOU&dib_tag=se&keywords=cycling&qid=1747739445&sr=8-3,https://m.media-amazon.com/images/I/613nOKkeBiL._AC_UY218_.jpg,"₹1,499","₹3,999"
"PowerMax Fitness BU-201 Dual Action Air Bike/Exercise Bike for Home |Gym Cycle for Workout With Adjustable Cushioned Seat | Non-Slip Pedals | Moving Handles Black Gym Bike, Max user weight 120 KG",https://www.amazon.in/PowerMax-BU-201-Exercise-Support-Workout/dp/B08696STKB/ref=sr_1_4?dib=eyJ2IjoiMSJ9.2GyWd3PEmpQnuFX-7veKRMlClkHeJPCG2QmuhBfGJJ8PEJG9a_xSJkfp_l7x5ocAENAf6-tIulC6r2nrS1yjpDXy38tk1xlPJfzybh8Tq5QUBGOKZbBC5HRCKq5t55MXc9e-h6_E3dUNSp5Q7OQJXHFmr71Uw5KXRheaVfowbnfYsCjFgDNLeQpQoXn3eJItx50XYpV1y-CxiQrxNfmYa_R4aNBB8tCnw4AY2jx09Hg.mVsXruSesPEB-3AYkW4hEUyzER5OQRZcKUIbDlKyDOU&dib_tag=se&keywords=cycling&qid=1747739445&sr=8-4,https://m.media-amazon.com/images/I/71lVeZshAML._AC_UY218_.jpg,"₹7,599","₹14,500"
"Lifelong LLF45 Fit Pro Spin Fitness Bike with 6Kg Flywheel, Adjustable Resistance, LCD Monitor and Heart Rate Sensor for Fitness at Home; Home Workouts (1 Year Warranty, Max Weight: 120 kg)",https://www.amazon.in/Lifelong-LLF45-Exercise-Adjustable-Resistance/dp/B081JN73QN/ref=sr_1_5?dib=eyJ2IjoiMSJ9.2GyWd3PEmpQnuFX-7veKRMlClkHeJPCG2QmuhBfGJJ8PEJG9a_xSJkfp_l7x5ocAENAf6-tIulC6r2nrS1yjpDXy38tk1xlPJfzybh8Tq5QUBGOKZbBC5HRCKq5t55MXc9e-h6_E3dUNSp5Q7OQJXHFmr71Uw5KXRheaVfowbnfYsCjFgDNLeQpQoXn3eJItx50XYpV1y-CxiQrxNfmYa_R4aNBB8tCnw4AY2jx09Hg.mVsXruSesPEB-3AYkW4hEUyzER5OQRZcKUIbDlKyDOU&dib_tag=se&keywords=cycling&qid=1747739445&sr=8-5,https://m.media-amazon.com/images/I/71fpOwKlDeL._AC_UY218_.jpg,"₹10,999","₹24,999"
"Lifelong Fit Pro Spin Fitness Bike with 7Kg Flywheel, Adjustable Resistance & Heart Rate Sensor for Fitness at Home Workouts|Max Weight Capacity: 100 kg (LLSBB50, Black)",https://www.amazon.in/Lifelong-Flywheel-Adjustable-Resistance-Workouts/dp/B0C6M315RN/ref=sr_1_6?dib=eyJ2IjoiMSJ9.2GyWd3PEmpQnuFX-7veKRMlClkHeJPCG2QmuhBfGJJ8PEJG9a_xSJkfp_l7x5ocAENAf6-tIulC6r2nrS1yjpDXy38tk1xlPJfzybh8Tq5QUBGOKZbBC5HRCKq5t55MXc9e-h6_E3dUNSp5Q7OQJXHFmr71Uw5KXRheaVfowbnfYsCjFgDNLeQpQoXn3eJItx50XYpV1y-CxiQrxNfmYa_R4aNBB8tCnw4AY2jx09Hg.mVsXruSesPEB-3AYkW4hEUyzER5OQRZcKUIbDlKyDOU&dib_tag=se&keywords=cycling&qid=1747739445&sr=8-6,https://m.media-amazon.com/images/I/71ljhuGlVnL._AC_UY218_.jpg,"₹9,999","₹25,999"
Techista 2-in-1 Rechargeable - Cycle Light (3 Modes) Cycle Light and Horn/Cycle Lights Rechargeable Waterproof (140 dB) Cycle Light with Horn Cycle LED Front Light | Cycle Bell,https://www.amazon.in/Techista-2-1-Rechargeable-Waterproof/dp/B09KH81K1W/ref=sr_1_7?dib=eyJ2IjoiMSJ9.2GyWd3PEmpQnuFX-7veKRMlClkHeJPCG2QmuhBfGJJ8PEJG9a_xSJkfp_l7x5ocAENAf6-tIulC6r2nrS1yjpDXy38tk1xlPJfzybh8Tq5QUBGOKZbBC5HRCKq5t55MXc9e-h6_E3dUNSp5Q7OQJXHFmr71Uw5KXRheaVfowbnfYsCjFgDNLeQpQoXn3eJItx50XYpV1y-CxiQrxNfmYa_R4aNBB8tCnw4AY2jx09Hg.mVsXruSesPEB-3AYkW4hEUyzER5OQRZcKUIbDlKyDOU&dib_tag=se&keywords=cycling&qid=1747739445&sr=8-7,https://m.media-amazon.com/images/I/61AkAm4EAML._AC_UY218_.jpg,₹265,₹999
"Cockatoo BB01-Lightweight Steel Bicycle Bell, Durable Bell for Cycle, Black",https://www.amazon.in/Cockatoo-BB01-Lightweight-Steel-Bicycle-Durable/dp/B0CVQ8KVT1/ref=sr_1_8?dib=eyJ2IjoiMSJ9.2GyWd3PEmpQnuFX-7veKRMlClkHeJPCG2QmuhBfGJJ8PEJG9a_xSJkfp_l7x5ocAENAf6-tIulC6r2nrS1yjpDXy38tk1xlPJfzybh8Tq5QUBGOKZbBC5HRCKq5t55MXc9e-h6_E3dUNSp5Q7OQJXHFmr71Uw5KXRheaVfowbnfYsCjFgDNLeQpQoXn3eJItx50XYpV1y-CxiQrxNfmYa_R4aNBB8tCnw4AY2jx09Hg.mVsXruSesPEB-3AYkW4hEUyzER5OQRZcKUIbDlKyDOU&dib_tag=se&keywords=cycling&qid=1747739445&sr=8-8,https://m.media-amazon.com/images/I/61sBKjp9NnL._AC_UY218_.jpg,₹99,"₹9,900"
Gadget Deals 2-in-1 Rechargeable Cycle Light and Horn with Cycle Tail Light LED Cycle Light for Bicycle Front Rear Light Combo | Cycle Lights for Bicycle,https://www.amazon.in/Gadget-Rechargeable-Bicycle-Light-Multicolor/dp/B085XJ3QCL/ref=sr_1_9?dib=eyJ2IjoiMSJ9.2GyWd3PEmpQnuFX-7veKRMlClkHeJPCG2QmuhBfGJJ8PEJG9a_xSJkfp_l7x5ocAENAf6-tIulC6r2nrS1yjpDXy38tk1xlPJfzybh8Tq5QUBGOKZbBC5HRCKq5t55MXc9e-h6_E3dUNSp5Q7OQJXHFmr71Uw5KXRheaVfowbnfYsCjFgDNLeQpQoXn3eJItx50XYpV1y-CxiQrxNfmYa_R4aNBB8tCnw4AY2jx09Hg.mVsXruSesPEB-3AYkW4hEUyzER5OQRZcKUIbDlKyDOU&dib_tag=se&keywords=cycling&qid=1747739445&sr=8-9,https://m.media-amazon.com/images/I/61ylaoPV-qL._AC_UY218_.jpg,₹299,"₹29,900"
GADGET DEALS Durable Quality Cycle Bell for Bicycle Ultra-Loud Cycle Horn Trending Kids Cycle Bell,https://www.amazon.in/Durable-Quality-Bicycle-Ultra-Loud-Trending/dp/B09RPRB634/ref=sr_1_10?dib=eyJ2IjoiMSJ9.2GyWd3PEmpQnuFX-7veKRMlClkHeJPCG2QmuhBfGJJ8PEJG9a_xSJkfp_l7x5ocAENAf6-tIulC6r2nrS1yjpDXy38tk1xlPJfzybh8Tq5QUBGOKZbBC5HRCKq5t55MXc9e-h6_E3dUNSp5Q7OQJXHFmr71Uw5KXRheaVfowbnfYsCjFgDNLeQpQoXn3eJItx50XYpV1y-CxiQrxNfmYa_R4aNBB8tCnw4AY2jx09Hg.mVsXruSesPEB-3AYkW4hEUyzER5OQRZcKUIbDlKyDOU&dib_tag=se&keywords=cycling&qid=1747739445&sr=8-10,https://m.media-amazon.com/images/I/515g7LbvP9L._AC_UY218_.jpg,₹134,₹499
BIONFIT Fitness Is Bliss® Patented Design Exercise Cycle for Men & Women | Air Bike with Attached Resistance Band | Max User Weight: 120 Kg | Upright Gym Cycle for Home | DIY Installation,https://www.amazon.in/sspa/click?ie=UTF8&spc=MTo3Mjc5MDgyNjgwNzA5MjMzOjE3NDc3Mzk0NDU6c3BfbXRmOjMwMDQ2Mjk0ODk0MzMzMjo6MDo6&url=%2FBIONFIT-Fitness-Patented-Design-Resistance%2Fdp%2FB0DRYZJ2MT%2Fref%3Dsr_1_11_sspa%3Fdib%3DeyJ2IjoiMSJ9.2GyWd3PEmpQnuFX-7veKRMlClkHeJPCG2QmuhBfGJJ8PEJG9a_xSJkfp_l7x5ocAENAf6-tIulC6r2nrS1yjpDXy38tk1xlPJfzybh8Tq5QUBGOKZbBC5HRCKq5t55MXc9e-h6_E3dUNSp5Q7OQJXHFmr71Uw5KXRheaVfowbnfYsCjFgDNLeQpQoXn3eJItx50XYpV1y-CxiQrxNfmYa_R4aNBB8tCnw4AY2jx09Hg.mVsXruSesPEB-3AYkW4hEUyzER5OQRZcKUIbDlKyDOU%26dib_tag%3Dse%26keywords%3Dcycling%26qid%3D1747739445%26sr%3D8-11-spons%26sp_csd%3Dd2lkZ2V0TmFtZT1zcF9tdGY%26psc%3D1,https://m.media-amazon.com/images/I/61dVYr7ZeWL._AC_UY218_.jpg,"₹7,899","₹26,499"
"BIONFIT Moving Handle Exercise Gym Cycle | 2 Year Warranty | Air Bike with Attached Resistance Band, Abs Twister & Back Support, upright cycle for Home Fitness | Free Installation Support",https://www.amazon.in/sspa/click?ie=UTF8&spc=MTo3Mjc5MDgyNjgwNzA5MjMzOjE3NDc3Mzk0NDU6c3BfbXRmOjMwMDU1MjE2ODM3NDMzMjo6MDo6&url=%2FBIONFIT-Resistance-Twister-Back-Support%2Fdp%2FB0BX9ZBGTT%2Fref%3Dsr_1_12_sspa%3Fdib%3DeyJ2IjoiMSJ9.2GyWd3PEmpQnuFX-7veKRMlClkHeJPCG2QmuhBfGJJ8PEJG9a_xSJkfp_l7x5ocAENAf6-tIulC6r2nrS1yjpDXy38tk1xlPJfzybh8Tq5QUBGOKZbBC5HRCKq5t55MXc9e-h6_E3dUNSp5Q7OQJXHFmr71Uw5KXRheaVfowbnfYsCjFgDNLeQpQoXn3eJItx50XYpV1y-CxiQrxNfmYa_R4aNBB8tCnw4AY2jx09Hg.mVsXruSesPEB-3AYkW4hEUyzER5OQRZcKUIbDlKyDOU%26dib_tag%3Dse%26keywords%3Dcycling%26qid%3D1747739445%26sr%3D8-12-spons%26sp_csd%3Dd2lkZ2V0TmFtZT1zcF9tdGY%26psc%3D1,https://m.media-amazon.com/images/I/71HdQzFtVoL._AC_UY218_.jpg,"₹7,999","₹21,999"
"Amazon Basics Air Bike Exercise Cycle With Moving Or Stationary Handles, Adjustable Cushioned Seat, Back Support & Twister, Max User Weight 100 Kg (Multicolor)",https://www.amazon.in/AmazonBasics-Exercise-Stationary-Adjustable-Cushioned/dp/B0BGSWH6HG/ref=sr_1_13?dib=eyJ2IjoiMSJ9.2GyWd3PEmpQnuFX-7veKRMlClkHeJPCG2QmuhBfGJJ8PEJG9a_xSJkfp_l7x5ocAENAf6-tIulC6r2nrS1yjpDXy38tk1xlPJfzybh8Tq5QUBGOKZbBC5HRCKq5t55MXc9e-h6_E3dUNSp5Q7OQJXHFmr71Uw5KXRheaVfowbnfYsCjFgDNLeQpQoXn3eJItx50XYpV1y-CxiQrxNfmYa_R4aNBB8tCnw4AY2jx09Hg.mVsXruSesPEB-3AYkW4hEUyzER5OQRZcKUIbDlKyDOU&dib_tag=se&keywords=cycling&qid=1747739445&sr=8-13,https://m.media-amazon.com/images/I/71mnh+S1USL._AC_UY218_.jpg,"₹7,719","₹7,71,900"
PRO365 Premium Bicycle Rear View Mirrors| 6 Months Warranty| Protective Film | Adjustable 360°| Handlebar Convex Mirror| 2 Pieces|,https://www.amazon.in/PRO365-Replacement-Protective-Adjustable-Handlebar/dp/B0DK7J93X6/ref=sr_1_14?dib=eyJ2IjoiMSJ9.2GyWd3PEmpQnuFX-7veKRMlClkHeJPCG2QmuhBfGJJ8PEJG9a_xSJkfp_l7x5ocAENAf6-tIulC6r2nrS1yjpDXy38tk1xlPJfzybh8Tq5QUBGOKZbBC5HRCKq5t55MXc9e-h6_E3dUNSp5Q7OQJXHFmr71Uw5KXRheaVfowbnfYsCjFgDNLeQpQoXn3eJItx50XYpV1y-CxiQrxNfmYa_R4aNBB8tCnw4AY2jx09Hg.mVsXruSesPEB-3AYkW4hEUyzER5OQRZcKUIbDlKyDOU&dib_tag=se&keywords=cycling&qid=1747739445&sr=8-14,https://m.media-amazon.com/images/I/71vsLJXRjZL._AC_UY218_.jpg,₹297,₹148.50
"SNMMIFER UV Protection Arm Sleeves with Thumb Holes, Nylon Sun Protection Hand Cover for Running and Cycling, Unisex",https://www.amazon.in/SNMMIFER-Protection-Sleeves-Running-Pair-Black/dp/B0DXD52Z6K/ref=sr_1_15?dib=eyJ2IjoiMSJ9.2GyWd3PEmpQnuFX-7veKRMlClkHeJPCG2QmuhBfGJJ8PEJG9a_xSJkfp_l7x5ocAENAf6-tIulC6r2nrS1yjpDXy38tk1xlPJfzybh8Tq5QUBGOKZbBC5HRCKq5t55MXc9e-h6_E3dUNSp5Q7OQJXHFmr71Uw5KXRheaVfowbnfYsCjFgDNLeQpQoXn3eJItx50XYpV1y-CxiQrxNfmYa_R4aNBB8tCnw4AY2jx09Hg.mVsXruSesPEB-3AYkW4hEUyzER5OQRZcKUIbDlKyDOU&dib_tag=se&keywords=cycling&qid=1747739445&sr=8-15,https://m.media-amazon.com/images/I/71AYY+HOPkL._AC_UY218_.jpg,₹239,₹499
"VISORUP All Purpose Open Face Cap with Adjustable Strap – Lightweight Half Cap Helmet for Bike, Scooter, Cycling & Daily Commute – Unisex Helmet for Men & Women",https://www.amazon.in/VISORUP-Purpose-Open-Adjustable-Strap/dp/B0F5QP2V8P/ref=sr_1_17?dib=eyJ2IjoiMSJ9.2GyWd3PEmpQnuFX-7veKRMlClkHeJPCG2QmuhBfGJJ8PEJG9a_xSJkfp_l7x5ocAENAf6-tIulC6r2nrS1yjpDXy38tk1xlPJfzybh8Tq5QUBGOKZbBC5HRCKq5t55MXc9e-h6_E3dUNSp5Q7OQJXHFmr71Uw5KXRheaVfowbnfYsCjFgDNLeQpQoXn3eJItx50XYpV1y-CxiQrxNfmYa_R4aNBB8tCnw4AY2jx09Hg.mVsXruSesPEB-3AYkW4hEUyzER5OQRZcKUIbDlKyDOU&dib_tag=se&keywords=cycling&qid=1747739445&sr=8-17,https://m.media-amazon.com/images/I/51gVtIHC9ZL._AC_UY218_.jpg,₹229,₹999
Lista Lista002 Bicycle Silicone Saddle Seat and Cycling Cushion Pad Bike Gel Cover,https://www.amazon.in/Quality-Bicycle-Silicone-Cycling-Cushion/dp/B00RV3CLVU/ref=sr_1_18?dib=eyJ2IjoiMSJ9.2GyWd3PEmpQnuFX-7veKRMlClkHeJPCG2QmuhBfGJJ8PEJG9a_xSJkfp_l7x5ocAENAf6-tIulC6r2nrS1yjpDXy38tk1xlPJfzybh8Tq5QUBGOKZbBC5HRCKq5t55MXc9e-h6_E3dUNSp5Q7OQJXHFmr71Uw5KXRheaVfowbnfYsCjFgDNLeQpQoXn3eJItx50XYpV1y-CxiQrxNfmYa_R4aNBB8tCnw4AY2jx09Hg.mVsXruSesPEB-3AYkW4hEUyzER5OQRZcKUIbDlKyDOU&dib_tag=se&keywords=cycling&qid=1747739445&sr=8-18,https://m.media-amazon.com/images/I/51gqOgzMwJS._AC_UY218_.jpg,₹189,₹450
Leader Sportz Airmax Upright Exercise Air Bike Cycle for Home | Gym Cycle with Stationary Handle | Adjustable Cushioned Seat Exercise Bike for Workout | Non-Slip Pedals | Max Weight 100 Kg - Black,https://www.amazon.in/Leader-Sportz-Stationary-Adjustable-Cushioned/dp/B0DP7BDKQJ/ref=sr_1_20?dib=eyJ2IjoiMSJ9.2GyWd3PEmpQnuFX-7veKRMlClkHeJPCG2QmuhBfGJJ8PEJG9a_xSJkfp_l7x5ocAENAf6-tIulC6r2nrS1yjpDXy38tk1xlPJfzybh8Tq5QUBGOKZbBC5HRCKq5t55MXc9e-h6_E3dUNSp5Q7OQJXHFmr71Uw5KXRheaVfowbnfYsCjFgDNLeQpQoXn3eJItx50XYpV1y-CxiQrxNfmYa_R4aNBB8tCnw4AY2jx09Hg.mVsXruSesPEB-3AYkW4hEUyzER5OQRZcKUIbDlKyDOU&dib_tag=se&keywords=cycling&qid=1747739445&sr=8-20,https://m.media-amazon.com/images/I/71-P3T3OriL._AC_UY218_.jpg,"₹5,999","₹12,999"
"BADOWL Wind Rider Full Finger Motorcycle Riding Gloves with Touchscreen Fingertips and Knuckle Protection – Anti-Slip Grip (Grey, M)",https://www.amazon.in/sspa/click?ie=UTF8&spc=MTo3Mjc5MDgyNjgwNzA5MjMzOjE3NDc3Mzk0NDU6c3BfYnRmOjMwMDUzMzA2NjYxMDAzMjo6MDo6&url=%2FBADOWL-Motorcycle-Touchscreen-Fingertips-Protection%2Fdp%2FB0DLGLR156%2Fref%3Dsr_1_21_sspa%3Fdib%3DeyJ2IjoiMSJ9.2GyWd3PEmpQnuFX-7veKRMlClkHeJPCG2QmuhBfGJJ8PEJG9a_xSJkfp_l7x5ocAENAf6-tIulC6r2nrS1yjpDXy38tk1xlPJfzybh8Tq5QUBGOKZbBC5HRCKq5t55MXc9e-h6_E3dUNSp5Q7OQJXHFmr71Uw5KXRheaVfowbnfYsCjFgDNLeQpQoXn3eJItx50XYpV1y-CxiQrxNfmYa_R4aNBB8tCnw4AY2jx09Hg.mVsXruSesPEB-3AYkW4hEUyzER5OQRZcKUIbDlKyDOU%26dib_tag%3Dse%26keywords%3Dcycling%26qid%3D1747739445%26sr%3D8-21-spons%26sp_csd%3Dd2lkZ2V0TmFtZT1zcF9idGY%26psc%3D1,https://m.media-amazon.com/images/I/91Nlo9HCyiL._AC_UY218_.jpg,₹640,₹899
"BADOWL Full Finger Bike Riding Gloves for Men & Women, Touchscreen Compatible Motorcycle Gloves for Bike Riding, Durable and Breathable Outdoor Sports Gloves, Nylon, Grey",https://www.amazon.in/sspa/click?ie=UTF8&spc=MTo3Mjc5MDgyNjgwNzA5MjMzOjE3NDc3Mzk0NDU6c3BfYnRmOjMwMDUxMjY0MDEzMDgzMjo6MDo6&url=%2FBADOWL-Touchscreen-Compatible-Motorcycle-Breathable%2Fdp%2FB0DFTR4C79%2Fref%3Dsr_1_22_sspa%3Fdib%3DeyJ2IjoiMSJ9.2GyWd3PEmpQnuFX-7veKRMlClkHeJPCG2QmuhBfGJJ8PEJG9a_xSJkfp_l7x5ocAENAf6-tIulC6r2nrS1yjpDXy38tk1xlPJfzybh8Tq5QUBGOKZbBC5HRCKq5t55MXc9e-h6_E3dUNSp5Q7OQJXHFmr71Uw5KXRheaVfowbnfYsCjFgDNLeQpQoXn3eJItx50XYpV1y-CxiQrxNfmYa_R4aNBB8tCnw4AY2jx09Hg.mVsXruSesPEB-3AYkW4hEUyzER5OQRZcKUIbDlKyDOU%26dib_tag%3Dse%26keywords%3Dcycling%26qid%3D1747739445%26sr%3D8-22-spons%26sp_csd%3Dd2lkZ2V0TmFtZT1zcF9idGY%26psc%3D1,https://m.media-amazon.com/images/I/91Ec+igRVAL._AC_UY218_.jpg,₹329,₹999
"Bike Pedal Wrench, Bicycle Pedal Removal Tool with Extra Long Handle for Efficient Repair of Road and Mountain Bikes",https://www.amazon.in/sspa/click?ie=UTF8&spc=MTo3NzA5NTczNjcxOTYwNTQ0OjE3NDc3Mzk0NjU6c3BfYXRmX25leHQ6MzAwNDY4OTE4MDE0NDMyOjowOjo&url=%2FWrench-Bicycle-Removal-Efficient-Mountain%2Fdp%2FB0DPFJWMPP%2Fref%3Dsr_1_17_sspa%3Fdib%3DeyJ2IjoiMSJ9.M2tBZ3luj-0ht70K-N9x-erY4LVES2ljdGj2X0KzkXSWdd75z3TXWj_W20LJ5L2tnIllsJRVdoiEc9wXGYigLLxQgDGd5vxnJNcQJT3Ijkspg3WIQenZmhp3HgvaOqGQaynVjG2gKwYzNafgl_haogHhem02KZaxu_PYjnESbWCykZL-XlfL_AK5-HaEhLvtPaGChz1xZThqZBqWn8AWUHJYntnATc4g_H68r-dnbSo.26HL4DDvKcLA5-gdb5X-WLqwR3Irujj0soKXyRltWa4%26dib_tag%3Dse%26keywords%3Dcycling%26qid%3D1747739465%26sr%3D8-17-spons%26sp_csd%3Dd2lkZ2V0TmFtZT1zcF9hdGZfbmV4dA%26psc%3D1,https://m.media-amazon.com/images/I/51iwqwNnDDL._AC_UY218_.jpg,"₹2,499","₹2,49,900"
"Karsaer Polarized Cycling Glasses Sports Sunglasses, UV400 Protection Baseball Running Glasses for Men Women Youth E1267, Multicolour, Large",https://www.amazon.in/sspa/click?ie=UTF8&spc=MTo3NzA5NTczNjcxOTYwNTQ0OjE3NDc3Mzk0NjU6c3BfYXRmX25leHQ6MzAwMzc4NTEwNjQxNzMyOjowOjo&url=%2FKarsaer-Polarized-Sunglasses-Protection-Baseball%2Fdp%2FB0DF57TVLM%2Fref%3Dsr_1_18_sspa%3Fdib%3DeyJ2IjoiMSJ9.M2tBZ3luj-0ht70K-N9x-erY4LVES2ljdGj2X0KzkXSWdd75z3TXWj_W20LJ5L2tnIllsJRVdoiEc9wXGYigLLxQgDGd5vxnJNcQJT3Ijkspg3WIQenZmhp3HgvaOqGQaynVjG2gKwYzNafgl_haogHhem02KZaxu_PYjnESbWCykZL-XlfL_AK5-HaEhLvtPaGChz1xZThqZBqWn8AWUHJYntnATc4g_H68r-dnbSo.26HL4DDvKcLA5-gdb5X-WLqwR3Irujj0soKXyRltWa4%26dib_tag%3Dse%26keywords%3Dcycling%26qid%3D1747739465%26sr%3D8-18-spons%26sp_csd%3Dd2lkZ2V0TmFtZT1zcF9hdGZfbmV4dA%26psc%3D1,https://m.media-amazon.com/images/I/51Vs9J5OfuL._AC_UY218_.jpg,"₹1,379","₹2,248"
"Linist Bicycle Mirror, Bicycle Cycling Rear View Safe Mirrors, Adjustable Rotatable Handlebars Mounted Plastic Convex Mirror for Cycle (1 Pair)",https://www.amazon.in/Linist-Bicycle-Adjustable-Rotatable-Handlebars/dp/B0B1MQXCJQ/ref=sr_1_19?dib=eyJ2IjoiMSJ9.M2tBZ3luj-0ht70K-N9x-erY4LVES2ljdGj2X0KzkXSWdd75z3TXWj_W20LJ5L2tnIllsJRVdoiEc9wXGYigLLxQgDGd5vxnJNcQJT3Ijkspg3WIQenZmhp3HgvaOqGQaynVjG2gKwYzNafgl_haogHhem02KZaxu_PYjnESbWCykZL-XlfL_AK5-HaEhLvtPaGChz1xZThqZBqWn8AWUHJYntnATc4g_H68r-dnbSo.26HL4DDvKcLA5-gdb5X-WLqwR3Irujj0soKXyRltWa4&dib_tag=se&keywords=cycling&qid=1747739465&sr=8-19,https://m.media-amazon.com/images/I/7166ZbiHrmL._AC_UY218_.jpg,₹280,₹987.67
Outdazzle USB Rechargeable Waterproof - Cycle Light | High 300 Lumens Super Bright Headlight- Cycle Light for Bicycle | Cycle Front Light | Cycle Headlight,https://www.amazon.in/Outdazzle-USB-Rechargeable-Waterproof-Headlight/dp/B0C3VZH5PV/ref=sr_1_22?dib=eyJ2IjoiMSJ9.M2tBZ3luj-0ht70K-N9x-erY4LVES2ljdGj2X0KzkXSWdd75z3TXWj_W20LJ5L2tnIllsJRVdoiEc9wXGYigLLxQgDGd5vxnJNcQJT3Ijkspg3WIQenZmhp3HgvaOqGQaynVjG2gKwYzNafgl_haogHhem02KZaxu_PYjnESbWCykZL-XlfL_AK5-HaEhLvtPaGChz1xZThqZBqWn8AWUHJYntnATc4g_H68r-dnbSo.26HL4DDvKcLA5-gdb5X-WLqwR3Irujj0soKXyRltWa4&dib_tag=se&keywords=cycling&qid=1747739465&sr=8-22,https://m.media-amazon.com/images/I/51Ee6T8cRFL._AC_UY218_.jpg,₹180,₹699
"Cockatoo Bicycle Foot Balloon Pump Machine for Bikes and Cycle, Balloon High Pressure Cycle Air Pump for Bicycle, Pump for Cycle Tyre",https://www.amazon.in/Cockatoo-Bicycle-Machine-Pressure-Tyre-Black/dp/B0CWPF3JSW/ref=sr_1_23?dib=eyJ2IjoiMSJ9.M2tBZ3luj-0ht70K-N9x-erY4LVES2ljdGj2X0KzkXSWdd75z3TXWj_W20LJ5L2tnIllsJRVdoiEc9wXGYigLLxQgDGd5vxnJNcQJT3Ijkspg3WIQenZmhp3HgvaOqGQaynVjG2gKwYzNafgl_haogHhem02KZaxu_PYjnESbWCykZL-XlfL_AK5-HaEhLvtPaGChz1xZThqZBqWn8AWUHJYntnATc4g_H68r-dnbSo.26HL4DDvKcLA5-gdb5X-WLqwR3Irujj0soKXyRltWa4&dib_tag=se&keywords=cycling&qid=1747739465&sr=8-23,https://m.media-amazon.com/images/I/61Fk3ORW7mL._AC_UY218_.jpg,₹499,"₹49,900"
"Probiker FM-Gloves Bike Full Finger Gloves (Black, Extra Large, Leather, Cycling)",https://www.amazon.in/Probiker-FM-Gloves-Finger-Gloves-Black/dp/B07GT5QDZS/ref=sr_1_24?dib=eyJ2IjoiMSJ9.M2tBZ3luj-0ht70K-N9x-erY4LVES2ljdGj2X0KzkXSWdd75z3TXWj_W20LJ5L2tnIllsJRVdoiEc9wXGYigLLxQgDGd5vxnJNcQJT3Ijkspg3WIQenZmhp3HgvaOqGQaynVjG2gKwYzNafgl_haogHhem02KZaxu_PYjnESbWCykZL-XlfL_AK5-HaEhLvtPaGChz1xZThqZBqWn8AWUHJYntnATc4g_H68r-dnbSo.26HL4DDvKcLA5-gdb5X-WLqwR3Irujj0soKXyRltWa4&dib_tag=se&keywords=cycling&qid=1747739465&sr=8-24,https://m.media-amazon.com/images/I/61Qq+WGUjdL._AC_UY218_.jpg,₹279,₹139.50
"AllExtreme ‎CYL-06-T Multi-Purpose Bike Chain Cleaner Brush with Soft & Long Bristles Ideal for Quick Cleaning of Cycles, Motorcycles (Blue)",https://www.amazon.in/AllExtreme-%E2%80%8ECYL-06-T-Multi-Purpose-Bristles-Motorcycles/dp/B076DC73XF/ref=sr_1_25?dib=eyJ2IjoiMSJ9.M2tBZ3luj-0ht70K-N9x-erY4LVES2ljdGj2X0KzkXSWdd75z3TXWj_W20LJ5L2tnIllsJRVdoiEc9wXGYigLLxQgDGd5vxnJNcQJT3Ijkspg3WIQenZmhp3HgvaOqGQaynVjG2gKwYzNafgl_haogHhem02KZaxu_PYjnESbWCykZL-XlfL_AK5-HaEhLvtPaGChz1xZThqZBqWn8AWUHJYntnATc4g_H68r-dnbSo.26HL4DDvKcLA5-gdb5X-WLqwR3Irujj0soKXyRltWa4&dib_tag=se&keywords=cycling&qid=1747739465&sr=8-25,https://m.media-amazon.com/images/I/610XWnl+nXL._AC_UY218_.jpg,₹149,₹155
Lista Bicycle LED Head Light USB Rechargeable Light Cycling Lamp Head Light Tail Light (red),https://www.amazon.in/Lista-Lista034-Bicycle-Rechargeable-Light/dp/B075DD14TD/ref=sr_1_26?dib=eyJ2IjoiMSJ9.M2tBZ3luj-0ht70K-N9x-erY4LVES2ljdGj2X0KzkXSWdd75z3TXWj_W20LJ5L2tnIllsJRVdoiEc9wXGYigLLxQgDGd5vxnJNcQJT3Ijkspg3WIQenZmhp3HgvaOqGQaynVjG2gKwYzNafgl_haogHhem02KZaxu_PYjnESbWCykZL-XlfL_AK5-HaEhLvtPaGChz1xZThqZBqWn8AWUHJYntnATc4g_H68r-dnbSo.26HL4DDvKcLA5-gdb5X-WLqwR3Irujj0soKXyRltWa4&dib_tag=se&keywords=cycling&qid=1747739465&sr=8-26,https://m.media-amazon.com/images/I/61UZt1O4RPL._AC_UY218_.jpg,₹179,"₹3,999"
"BIONFIT Exercise Bike for Home Gym Fitness | Spin Bike with Adjustable Resistance, Max weight: 100 kg | Exercise Cycle with 2 Years Warranty | Get Free Brand Installation-Contact Brand Customer Care",https://www.amazon.in/sspa/click?ie=UTF8&spc=MTo3NzA5NTczNjcxOTYwNTQ0OjE3NDc3Mzk0NjU6c3BfbXRmOjMwMDU1MDY4NzYxNzgzMjo6MDo6&url=%2FBIONFIT-Exercise-Fitness-Adjustable-Resistance%2Fdp%2FB0DRD7J6ZK%2Fref%3Dsr_1_27_sspa%3Fdib%3DeyJ2IjoiMSJ9.M2tBZ3luj-0ht70K-N9x-erY4LVES2ljdGj2X0KzkXSWdd75z3TXWj_W20LJ5L2tnIllsJRVdoiEc9wXGYigLLxQgDGd5vxnJNcQJT3Ijkspg3WIQenZmhp3HgvaOqGQaynVjG2gKwYzNafgl_haogHhem02KZaxu_PYjnESbWCykZL-XlfL_AK5-HaEhLvtPaGChz1xZThqZBqWn8AWUHJYntnATc4g_H68r-dnbSo.26HL4DDvKcLA5-gdb5X-WLqwR3Irujj0soKXyRltWa4%26dib_tag%3Dse%26keywords%3Dcycling%26qid%3D1747739465%26sr%3D8-27-spons%26sp_csd%3Dd2lkZ2V0TmFtZT1zcF9tdGY%26psc%3D1,https://m.media-amazon.com/images/I/71Ur3JxgcsL._AC_UY218_.jpg,"₹7,874","₹26,449"
"Lifelong Fit Pro Spin Fitness Bike with 7Kg Flywheel, Adjustable Resistance & Heart Rate Sensor for Fitness at Home Workouts|Max Weight Capacity: 100 kg (LLSBB50, Black)",https://www.amazon.in/sspa/click?ie=UTF8&spc=MTo3NzA5NTczNjcxOTYwNTQ0OjE3NDc3Mzk0NjU6c3BfbXRmOjMwMDQyODU2MTU4NzczMjo6MDo6&url=%2FLifelong-Flywheel-Adjustable-Resistance-Workouts%2Fdp%2FB0C6M315RN%2Fref%3Dsr_1_28_sspa%3Fdib%3DeyJ2IjoiMSJ9.M2tBZ3luj-0ht70K-N9x-erY4LVES2ljdGj2X0KzkXSWdd75z3TXWj_W20LJ5L2tnIllsJRVdoiEc9wXGYigLLxQgDGd5vxnJNcQJT3Ijkspg3WIQenZmhp3HgvaOqGQaynVjG2gKwYzNafgl_haogHhem02KZaxu_PYjnESbWCykZL-XlfL_AK5-HaEhLvtPaGChz1xZThqZBqWn8AWUHJYntnATc4g_H68r-dnbSo.26HL4DDvKcLA5-gdb5X-WLqwR3Irujj0soKXyRltWa4%26dib_tag%3Dse%26keywords%3Dcycling%26qid%3D1747739465%26sr%3D8-28-spons%26sp_csd%3Dd2lkZ2V0TmFtZT1zcF9tdGY%26psc%3D1,https://m.media-amazon.com/images/I/71ljhuGlVnL._AC_UY218_.jpg,"₹9,999","₹25,999"
Gadget Deals Cycle seat - Cycle seat Cover - with Gel Bicycle Silicone - Cycle seat Cushion with Gel Saddle Seat & Soft Cycle Cover Soft seat Cover for Bicycle,https://www.amazon.in/Gadget-Deals-Bicycle-Silicone-Cushion/dp/B08THNV1S6/ref=sr_1_30?dib=eyJ2IjoiMSJ9.M2tBZ3luj-0ht70K-N9x-erY4LVES2ljdGj2X0KzkXSWdd75z3TXWj_W20LJ5L2tnIllsJRVdoiEc9wXGYigLLxQgDGd5vxnJNcQJT3Ijkspg3WIQenZmhp3HgvaOqGQaynVjG2gKwYzNafgl_haogHhem02KZaxu_PYjnESbWCykZL-XlfL_AK5-HaEhLvtPaGChz1xZThqZBqWn8AWUHJYntnATc4g_H68r-dnbSo.26HL4DDvKcLA5-gdb5X-WLqwR3Irujj0soKXyRltWa4&dib_tag=se&keywords=cycling&qid=1747739465&sr=8-30,https://m.media-amazon.com/images/I/51jyI9OX8QL._AC_UY218_.jpg,₹179,"₹17,900"
Lifelong Adjustable Cycling Helmet with Detachable Visor|Adjustable Light Weight Mountain Bike Cycle Helmet with Padding for Kids and Adults|Racing Helmet for Men and Women (6 Months Warranty),https://www.amazon.in/Lifelong-Adjustable-Detachable-Mountain-LLFAH02/dp/B0BJVR2CCC/ref=sr_1_31?dib=eyJ2IjoiMSJ9.M2tBZ3luj-0ht70K-N9x-erY4LVES2ljdGj2X0KzkXSWdd75z3TXWj_W20LJ5L2tnIllsJRVdoiEc9wXGYigLLxQgDGd5vxnJNcQJT3Ijkspg3WIQenZmhp3HgvaOqGQaynVjG2gKwYzNafgl_haogHhem02KZaxu_PYjnESbWCykZL-XlfL_AK5-HaEhLvtPaGChz1xZThqZBqWn8AWUHJYntnATc4g_H68r-dnbSo.26HL4DDvKcLA5-gdb5X-WLqwR3Irujj0soKXyRltWa4&dib_tag=se&keywords=cycling&qid=1747739465&sr=8-31,https://m.media-amazon.com/images/I/61YDgMsXHfL._AC_UY218_.jpg,₹849,"₹1,999"
"Boldfit Helmet Skull Cap for Men - Cotton Head Cap, Inner Helmet Cover for Bikers, Sweat Cooling Cycling Cap for Summer - Black, Pack of 3",https://www.amazon.in/Boldfit-Cooling-Cycling-Motorcycle-Running/dp/B0B2LMFQC4/ref=sr_1_33?dib=eyJ2IjoiMSJ9.M2tBZ3luj-0ht70K-N9x-erY4LVES2ljdGj2X0KzkXSWdd75z3TXWj_W20LJ5L2tnIllsJRVdoiEc9wXGYigLLxQgDGd5vxnJNcQJT3Ijkspg3WIQenZmhp3HgvaOqGQaynVjG2gKwYzNafgl_haogHhem02KZaxu_PYjnESbWCykZL-XlfL_AK5-HaEhLvtPaGChz1xZThqZBqWn8AWUHJYntnATc4g_H68r-dnbSo.26HL4DDvKcLA5-gdb5X-WLqwR3Irujj0soKXyRltWa4&dib_tag=se&keywords=cycling&qid=1747739465&sr=8-33,https://m.media-amazon.com/images/I/812lUp--eqL._AC_UY218_.jpg,₹349,₹349
"Lifelong LLF89 Fit Pro Spin Fitness Bike with 8Kg Flywheel, Adjustable Resistance, LCD Monitor and Heart Rate Sensor for Fitness at Home; Home Workouts (1 Year Warranty)",https://www.amazon.in/Lifelong-Flywheel-Adjustable-Resistance-Workouts/dp/B09W9TLBJQ/ref=sr_1_34?dib=eyJ2IjoiMSJ9.M2tBZ3luj-0ht70K-N9x-erY4LVES2ljdGj2X0KzkXSWdd75z3TXWj_W20LJ5L2tnIllsJRVdoiEc9wXGYigLLxQgDGd5vxnJNcQJT3Ijkspg3WIQenZmhp3HgvaOqGQaynVjG2gKwYzNafgl_haogHhem02KZaxu_PYjnESbWCykZL-XlfL_AK5-HaEhLvtPaGChz1xZThqZBqWn8AWUHJYntnATc4g_H68r-dnbSo.26HL4DDvKcLA5-gdb5X-WLqwR3Irujj0soKXyRltWa4&dib_tag=se&keywords=cycling&qid=1747739465&sr=8-34,https://m.media-amazon.com/images/I/61Il1yauylL._AC_UY218_.jpg,"₹10,999","₹27,999"
VESCO Envy Black 26T Road Bike with Inbuilt Carrier | Rigid Supsension | 17 Inch Frame | Cycle for Boys/Men (Single Speed),https://www.amazon.in/VESCO-Cycle-Inbuilt-Carrier-Single/dp/B0CSSQZHBJ/ref=sr_1_35?dib=eyJ2IjoiMSJ9.M2tBZ3luj-0ht70K-N9x-erY4LVES2ljdGj2X0KzkXSWdd75z3TXWj_W20LJ5L2tnIllsJRVdoiEc9wXGYigLLxQgDGd5vxnJNcQJT3Ijkspg3WIQenZmhp3HgvaOqGQaynVjG2gKwYzNafgl_haogHhem02KZaxu_PYjnESbWCykZL-XlfL_AK5-HaEhLvtPaGChz1xZThqZBqWn8AWUHJYntnATc4g_H68r-dnbSo.26HL4DDvKcLA5-gdb5X-WLqwR3Irujj0soKXyRltWa4&dib_tag=se&keywords=cycling&qid=1747739465&sr=8-35,https://m.media-amazon.com/images/I/81uYCGar2yL._AC_UY218_.jpg,"₹4,699","₹7,499"
PowerMax Fitness BS-MINI Mini Cycle Pedal Exerciser with Adjustable Resistance and Digital Display - For Light Leg and Arm Exercise and Physiotherapy at Home,https://www.amazon.in/PowerMax-Fitness-BS-MINI-Adjustable-Resistance/dp/B0BV69S13W/ref=sr_1_36?dib=eyJ2IjoiMSJ9.M2tBZ3luj-0ht70K-N9x-erY4LVES2ljdGj2X0KzkXSWdd75z3TXWj_W20LJ5L2tnIllsJRVdoiEc9wXGYigLLxQgDGd5vxnJNcQJT3Ijkspg3WIQenZmhp3HgvaOqGQaynVjG2gKwYzNafgl_haogHhem02KZaxu_PYjnESbWCykZL-XlfL_AK5-HaEhLvtPaGChz1xZThqZBqWn8AWUHJYntnATc4g_H68r-dnbSo.26HL4DDvKcLA5-gdb5X-WLqwR3Irujj0soKXyRltWa4&dib_tag=se&keywords=cycling&qid=1747739465&sr=8-36,https://m.media-amazon.com/images/I/51eDtMVDrhL._AC_UY218_.jpg,"₹1,699","₹4,500"
"Liffo® Protective Skating Guard Kit for Skating, Cycling, Running for Kids,Boys,Girls,Men & Women (HSG-01) (Green, M)",https://www.amazon.in/sspa/click?ie=UTF8&spc=MTo3NzA5NTczNjcxOTYwNTQ0OjE3NDc3Mzk0NjU6c3BfYnRmOjMwMDI1NDY3MDc0NjYzMjo6MDo6&url=%2FLiffo%25C2%25AE-Skating-Protective-Cycling-Running%2Fdp%2FB0BXD2P9XD%2Fref%3Dsr_1_37_sspa%3Fdib%3DeyJ2IjoiMSJ9.M2tBZ3luj-0ht70K-N9x-erY4LVES2ljdGj2X0KzkXSWdd75z3TXWj_W20LJ5L2tnIllsJRVdoiEc9wXGYigLLxQgDGd5vxnJNcQJT3Ijkspg3WIQenZmhp3HgvaOqGQaynVjG2gKwYzNafgl_haogHhem02KZaxu_PYjnESbWCykZL-XlfL_AK5-HaEhLvtPaGChz1xZThqZBqWn8AWUHJYntnATc4g_H68r-dnbSo.26HL4DDvKcLA5-gdb5X-WLqwR3Irujj0soKXyRltWa4%26dib_tag%3Dse%26keywords%3Dcycling%26qid%3D1747739465%26sr%3D8-37-spons%26sp_csd%3Dd2lkZ2V0TmFtZT1zcF9idGY%26psc%3D1,https://m.media-amazon.com/images/I/61Wga5a8lHL._AC_UY218_.jpg,₹498,₹999
Tripole Hydration & Water Soft Flask for Running and Cycling | 500 mL (White),https://www.amazon.in/sspa/click?ie=UTF8&spc=MTo3NzA5NTczNjcxOTYwNTQ0OjE3NDc3Mzk0NjU6c3BfYnRmOjMwMDUwODI4NjY0NDEzMjo6MDo6&url=%2FTripole-Hydration-Water-Running-Cycling%2Fdp%2FB0F1DCB7LC%2Fref%3Dsr_1_38_sspa%3Fdib%3DeyJ2IjoiMSJ9.M2tBZ3luj-0ht70K-N9x-erY4LVES2ljdGj2X0KzkXSWdd75z3TXWj_W20LJ5L2tnIllsJRVdoiEc9wXGYigLLxQgDGd5vxnJNcQJT3Ijkspg3WIQenZmhp3HgvaOqGQaynVjG2gKwYzNafgl_haogHhem02KZaxu_PYjnESbWCykZL-XlfL_AK5-HaEhLvtPaGChz1xZThqZBqWn8AWUHJYntnATc4g_H68r-dnbSo.26HL4DDvKcLA5-gdb5X-WLqwR3Irujj0soKXyRltWa4%26dib_tag%3Dse%26keywords%3Dcycling%26qid%3D1747739465%26sr%3D8-38-spons%26sp_csd%3Dd2lkZ2V0TmFtZT1zcF9idGY%26psc%3D1,https://m.media-amazon.com/images/I/614i1iSxN9L._AC_UY218_.jpg,₹699,"₹69,900"
BIONFIT Fitness Is Bliss® Patented Design Exercise Cycle for Men & Women | Air Bike with Attached Resistance Band | Max User Weight: 120 Kg | Upright Gym Cycle for Home | DIY Installation,https://www.amazon.in/sspa/click?ie=UTF8&spc=MTo4NzI0NzY3NTc4ODg5MDI6MTc0NzczOTQ3MDpzcF9hdGZfbmV4dDozMDA0NjI5NDg5NDMzMzI6OjA6Og&url=%2FBIONFIT-Fitness-Patented-Design-Resistance%2Fdp%2FB0DRYZJ2MT%2Fref%3Dsr_1_33_sspa%3Fdib%3DeyJ2IjoiMSJ9.BBvldDuq2pcUmkWQFIHG2fj3g38dVdIoNrEsCkCuf8nIe6Z1YWneqOq6P0MEPPUpyci7T9VADf5Buzlw0ChTm3_NYx79z8xjsnjFH-UIvvgVP4jehiOHDVqYacmxtaX_P1-m9NpFp7JXCcbC7xsyypMPx1D5M3_gn2HdAhEMxQ0bqVHioVCO_aFWoqJ1gDAdMf2Bd96w-5G4kzCXve8N8q2cBlcUcgkcUguZCmF8U-o.8q6ngDxyBKBrw2kubWoKoYGWjmJhCjKO7bKzCkvr1AE%26dib_tag%3Dse%26keywords%3Dcycling%26qid%3D1747739470%26sr%3D8-33-spons%26sp_csd%3Dd2lkZ2V0TmFtZT1zcF9hdGZfbmV4dA%26psc%3D1,https://m.media-amazon.com/images/I/61dVYr7ZeWL._AC_UY218_.jpg,"₹7,899","₹26,499"
"BIONFIT Moving Handle Exercise Gym Cycle | 2 Year Warranty | Air Bike with Attached Resistance Band, Abs Twister & Back Support, upright cycle for Home Fitness | Free Installation Support",https://www.amazon.in/sspa/click?ie=UTF8&spc=MTo4NzI0NzY3NTc4ODg5MDI6MTc0NzczOTQ3MDpzcF9hdGZfbmV4dDozMDA1NTIxNjgzNzQzMzI6OjA6Og&url=%2FBIONFIT-Resistance-Twister-Back-Support%2Fdp%2FB0BX9ZBGTT%2Fref%3Dsr_1_34_sspa%3Fdib%3DeyJ2IjoiMSJ9.BBvldDuq2pcUmkWQFIHG2fj3g38dVdIoNrEsCkCuf8nIe6Z1YWneqOq6P0MEPPUpyci7T9VADf5Buzlw0ChTm3_NYx79z8xjsnjFH-UIvvgVP4jehiOHDVqYacmxtaX_P1-m9NpFp7JXCcbC7xsyypMPx1D5M3_gn2HdAhEMxQ0bqVHioVCO_aFWoqJ1gDAdMf2Bd96w-5G4kzCXve8N8q2cBlcUcgkcUguZCmF8U-o.8q6ngDxyBKBrw2kubWoKoYGWjmJhCjKO7bKzCkvr1AE%26dib_tag%3Dse%26keywords%3Dcycling%26qid%3D1747739470%26sr%3D8-34-spons%26sp_csd%3Dd2lkZ2V0TmFtZT1zcF9hdGZfbmV4dA%26psc%3D1,https://m.media-amazon.com/images/I/71HdQzFtVoL._AC_UY218_.jpg,"₹7,999","₹21,999"
VESCO Envy Black 26T Road Bike with Inbuilt Carrier | Rigid Supsension | 17 Inch Frame | Cycle for Boys/Men (Single Speed),https://www.amazon.in/VESCO-Cycle-Inbuilt-Carrier-Single/dp/B0CSSQZHBJ/ref=sr_1_35?dib=eyJ2IjoiMSJ9.BBvldDuq2pcUmkWQFIHG2fj3g38dVdIoNrEsCkCuf8nIe6Z1YWneqOq6P0MEPPUpyci7T9VADf5Buzlw0ChTm3_NYx79z8xjsnjFH-UIvvgVP4jehiOHDVqYacmxtaX_P1-m9NpFp7JXCcbC7xsyypMPx1D5M3_gn2HdAhEMxQ0bqVHioVCO_aFWoqJ1gDAdMf2Bd96w-5G4kzCXve8N8q2cBlcUcgkcUguZCmF8U-o.8q6ngDxyBKBrw2kubWoKoYGWjmJhCjKO7bKzCkvr1AE&dib_tag=se&keywords=cycling&qid=1747739470&sr=8-35,https://m.media-amazon.com/images/I/81uYCGar2yL._AC_UY218_.jpg,"₹4,699","₹7,499"
"TRASA Women's Cotton Fashion Biker Workout Cycling Shorts, Avialable Sizes: S,M,L,XL,2XL,3XL",https://www.amazon.in/TRASA-Womens-Fashion-Workout-Cycling/dp/B0BSNDZ3VN/ref=sr_1_36?dib=eyJ2IjoiMSJ9.BBvldDuq2pcUmkWQFIHG2fj3g38dVdIoNrEsCkCuf8nIe6Z1YWneqOq6P0MEPPUpyci7T9VADf5Buzlw0ChTm3_NYx79z8xjsnjFH-UIvvgVP4jehiOHDVqYacmxtaX_P1-m9NpFp7JXCcbC7xsyypMPx1D5M3_gn2HdAhEMxQ0bqVHioVCO_aFWoqJ1gDAdMf2Bd96w-5G4kzCXve8N8q2cBlcUcgkcUguZCmF8U-o.8q6ngDxyBKBrw2kubWoKoYGWjmJhCjKO7bKzCkvr1AE&dib_tag=se&keywords=cycling&qid=1747739470&sr=8-36,https://m.media-amazon.com/images/I/61BGlqNeshL._AC_UY218_.jpg,₹309,₹999
"Oligitdi Men's Cycling Shorts,4D Gel Padded Out-Wearable Motorcycle Bike Riding Shorts Quick-Dry Half Pants",https://www.amazon.in/Oligitdi-Cycling-Out-Wearable-Motorcycle-Quick-Dry/dp/B0CM6NKGYV/ref=sr_1_38?dib=eyJ2IjoiMSJ9.BBvldDuq2pcUmkWQFIHG2fj3g38dVdIoNrEsCkCuf8nIe6Z1YWneqOq6P0MEPPUpyci7T9VADf5Buzlw0ChTm3_NYx79z8xjsnjFH-UIvvgVP4jehiOHDVqYacmxtaX_P1-m9NpFp7JXCcbC7xsyypMPx1D5M3_gn2HdAhEMxQ0bqVHioVCO_aFWoqJ1gDAdMf2Bd96w-5G4kzCXve8N8q2cBlcUcgkcUguZCmF8U-o.8q6ngDxyBKBrw2kubWoKoYGWjmJhCjKO7bKzCkvr1AE&dib_tag=se&keywords=cycling&qid=1747739470&sr=8-38,https://m.media-amazon.com/images/I/615a0lBY1pL._AC_UY218_.jpg,₹999,"₹2,000"
"Leader Speedy Bike 20T Kids Cycle for Age 6 to 9 Years (Black/Orange) | Frame Size 12"" | Unisex Cycle",https://www.amazon.in/Leader-Speedy-Single-Bicycle-Suspension/dp/B09L8F82G1/ref=sr_1_39?dib=eyJ2IjoiMSJ9.BBvldDuq2pcUmkWQFIHG2fj3g38dVdIoNrEsCkCuf8nIe6Z1YWneqOq6P0MEPPUpyci7T9VADf5Buzlw0ChTm3_NYx79z8xjsnjFH-UIvvgVP4jehiOHDVqYacmxtaX_P1-m9NpFp7JXCcbC7xsyypMPx1D5M3_gn2HdAhEMxQ0bqVHioVCO_aFWoqJ1gDAdMf2Bd96w-5G4kzCXve8N8q2cBlcUcgkcUguZCmF8U-o.8q6ngDxyBKBrw2kubWoKoYGWjmJhCjKO7bKzCkvr1AE&dib_tag=se&keywords=cycling&qid=1747739470&sr=8-39,https://m.media-amazon.com/images/I/710VIXWWL0L._AC_UY218_.jpg,"₹3,799","₹8,775"
"Eazo Steel Multipurpose Cycle Pump with Needle (Use for Car,Bicycles,Scooters,Balls,Bikes Etc)",https://www.amazon.in/EAZO-Steel-Multipurpose-Bicycles-Scooters/dp/B092SG8KM8/ref=sr_1_40?dib=eyJ2IjoiMSJ9.BBvldDuq2pcUmkWQFIHG2fj3g38dVdIoNrEsCkCuf8nIe6Z1YWneqOq6P0MEPPUpyci7T9VADf5Buzlw0ChTm3_NYx79z8xjsnjFH-UIvvgVP4jehiOHDVqYacmxtaX_P1-m9NpFp7JXCcbC7xsyypMPx1D5M3_gn2HdAhEMxQ0bqVHioVCO_aFWoqJ1gDAdMf2Bd96w-5G4kzCXve8N8q2cBlcUcgkcUguZCmF8U-o.8q6ngDxyBKBrw2kubWoKoYGWjmJhCjKO7bKzCkvr1AE&dib_tag=se&keywords=cycling&qid=1747739470&sr=8-40,https://m.media-amazon.com/images/I/61ppgmdbKOL._AC_UY218_.jpg,₹479,₹550
"AllExtreme ‎Multi-Purpose Bike Chain Cleaner Brush with Soft & Long Bristles Ideal for Quick Cleaning of Cycles, Motorcycles (Red)",https://www.amazon.in/AllExtreme-%E2%80%8EMulti-Purpose-Bristles-Cleaning-Motorcycles/dp/B07F157NDQ/ref=sr_1_41?dib=eyJ2IjoiMSJ9.BBvldDuq2pcUmkWQFIHG2fj3g38dVdIoNrEsCkCuf8nIe6Z1YWneqOq6P0MEPPUpyci7T9VADf5Buzlw0ChTm3_NYx79z8xjsnjFH-UIvvgVP4jehiOHDVqYacmxtaX_P1-m9NpFp7JXCcbC7xsyypMPx1D5M3_gn2HdAhEMxQ0bqVHioVCO_aFWoqJ1gDAdMf2Bd96w-5G4kzCXve8N8q2cBlcUcgkcUguZCmF8U-o.8q6ngDxyBKBrw2kubWoKoYGWjmJhCjKO7bKzCkvr1AE&dib_tag=se&keywords=cycling&qid=1747739470&sr=8-41,https://m.media-amazon.com/images/I/61Ui5B3D+HL._AC_UY218_.jpg,₹149,₹199
"GELRIDE Advanced Gel Bicycle Saddle Seat Cushion Cover for Indoor Outdoor Cycling, Exercise Cycle - Soft and Washable, 100% Gel Material, Made in India",https://www.amazon.in/GELRIDE-Advanced-Bicycle-Cushion-Exercise/dp/B09TQLLK47/ref=sr_1_42?dib=eyJ2IjoiMSJ9.BBvldDuq2pcUmkWQFIHG2fj3g38dVdIoNrEsCkCuf8nIe6Z1YWneqOq6P0MEPPUpyci7T9VADf5Buzlw0ChTm3_NYx79z8xjsnjFH-UIvvgVP4jehiOHDVqYacmxtaX_P1-m9NpFp7JXCcbC7xsyypMPx1D5M3_gn2HdAhEMxQ0bqVHioVCO_aFWoqJ1gDAdMf2Bd96w-5G4kzCXve8N8q2cBlcUcgkcUguZCmF8U-o.8q6ngDxyBKBrw2kubWoKoYGWjmJhCjKO7bKzCkvr1AE&dib_tag=se&keywords=cycling&qid=1747739470&sr=8-42,https://m.media-amazon.com/images/I/81PMwmsDkVL._AC_UY218_.jpg,₹795,"₹1,390"
"BADOWL Full Finger Bike Riding Gloves for Men & Women, Touchscreen Compatible Motorcycle Gloves for Bike Riding, Durable and Breathable Outdoor Sports Gloves, Nylon, Grey",https://www.amazon.in/sspa/click?ie=UTF8&spc=MTo4NzI0NzY3NTc4ODg5MDI6MTc0NzczOTQ3MDpzcF9tdGY6MzAwNTEyNjQwMTMwODMyOjowOjo&url=%2FBADOWL-Touchscreen-Compatible-Motorcycle-Breathable%2Fdp%2FB0DFTR4C79%2Fref%3Dsr_1_43_sspa%3Fdib%3DeyJ2IjoiMSJ9.BBvldDuq2pcUmkWQFIHG2fj3g38dVdIoNrEsCkCuf8nIe6Z1YWneqOq6P0MEPPUpyci7T9VADf5Buzlw0ChTm3_NYx79z8xjsnjFH-UIvvgVP4jehiOHDVqYacmxtaX_P1-m9NpFp7JXCcbC7xsyypMPx1D5M3_gn2HdAhEMxQ0bqVHioVCO_aFWoqJ1gDAdMf2Bd96w-5G4kzCXve8N8q2cBlcUcgkcUguZCmF8U-o.8q6ngDxyBKBrw2kubWoKoYGWjmJhCjKO7bKzCkvr1AE%26dib_tag%3Dse%26keywords%3Dcycling%26qid%3D1747739470%26sr%3D8-43-spons%26sp_csd%3Dd2lkZ2V0TmFtZT1zcF9tdGY%26psc%3D1,https://m.media-amazon.com/images/I/91Ec+igRVAL._AC_UY218_.jpg,₹329,₹999
Lifelong LLSBB49 Fit Pro Spin Fitness Bike with 7Kg Flywheel - Upright Stationary Exercise Bike (White),https://www.amazon.in/sspa/click?ie=UTF8&spc=MTo4NzI0NzY3NTc4ODg5MDI6MTc0NzczOTQ3MDpzcF9tdGY6MzAwNDE1MDU0MDEwNTMyOjowOjo&url=%2FLifelong-Flywheel-Adjustable-Resistance-Workouts%2Fdp%2FB0C6M4HD5S%2Fref%3Dsr_1_44_sspa%3Fdib%3DeyJ2IjoiMSJ9.BBvldDuq2pcUmkWQFIHG2fj3g38dVdIoNrEsCkCuf8nIe6Z1YWneqOq6P0MEPPUpyci7T9VADf5Buzlw0ChTm3_NYx79z8xjsnjFH-UIvvgVP4jehiOHDVqYacmxtaX_P1-m9NpFp7JXCcbC7xsyypMPx1D5M3_gn2HdAhEMxQ0bqVHioVCO_aFWoqJ1gDAdMf2Bd96w-5G4kzCXve8N8q2cBlcUcgkcUguZCmF8U-o.8q6ngDxyBKBrw2kubWoKoYGWjmJhCjKO7bKzCkvr1AE%26dib_tag%3Dse%26keywords%3Dcycling%26qid%3D1747739470%26sr%3D8-44-spons%26sp_csd%3Dd2lkZ2V0TmFtZT1zcF9tdGY%26psc%3D1,https://m.media-amazon.com/images/I/710CxiHmAiL._AC_UY218_.jpg,"₹8,399","₹25,999"
"Strauss Bicycle Silicone Cycle Seat Cushion Cover | Soft & Washable Gel Saddle Seat | Fits Narrow/Slim Seats | Cycle Accessories | Comfortable Bike Seat Cover for Cycling,(Black)",https://www.amazon.in/Strauss-Silicone-Washable-Accessories-Comfortable/dp/B0CBFS3VC3/ref=sr_1_45?dib=eyJ2IjoiMSJ9.BBvldDuq2pcUmkWQFIHG2fj3g38dVdIoNrEsCkCuf8nIe6Z1YWneqOq6P0MEPPUpyci7T9VADf5Buzlw0ChTm3_NYx79z8xjsnjFH-UIvvgVP4jehiOHDVqYacmxtaX_P1-m9NpFp7JXCcbC7xsyypMPx1D5M3_gn2HdAhEMxQ0bqVHioVCO_aFWoqJ1gDAdMf2Bd96w-5G4kzCXve8N8q2cBlcUcgkcUguZCmF8U-o.8q6ngDxyBKBrw2kubWoKoYGWjmJhCjKO7bKzCkvr1AE&dib_tag=se&keywords=cycling&qid=1747739470&sr=8-45,https://m.media-amazon.com/images/I/71A-QAI518L._AC_UY218_.jpg,₹299,₹599
Reach AB 110 BS Upright Air Bike with Back Support & Moving/ Stationary Handle | Mobile Holder at Display & Resistance Knob | Max User Weight 110 Kg | Fitness Equipment for Home/ Gym Cardio Workout,https://www.amazon.in/AB-110-BS-Stationary-Adjustable-Resistance/dp/B07W5HC47T/ref=sr_1_47?dib=eyJ2IjoiMSJ9.BBvldDuq2pcUmkWQFIHG2fj3g38dVdIoNrEsCkCuf8nIe6Z1YWneqOq6P0MEPPUpyci7T9VADf5Buzlw0ChTm3_NYx79z8xjsnjFH-UIvvgVP4jehiOHDVqYacmxtaX_P1-m9NpFp7JXCcbC7xsyypMPx1D5M3_gn2HdAhEMxQ0bqVHioVCO_aFWoqJ1gDAdMf2Bd96w-5G4kzCXve8N8q2cBlcUcgkcUguZCmF8U-o.8q6ngDxyBKBrw2kubWoKoYGWjmJhCjKO7bKzCkvr1AE&dib_tag=se&keywords=cycling&qid=1747739470&sr=8-47,https://m.media-amazon.com/images/I/61QHpnPMwYL._AC_UY218_.jpg,"₹7,999","₹12,666"
Gadget Deals Cycling Handle Bar Extender Mountain Bicycle Cycle Heads Up Stem Riser Adaptor Cycle Handle Extension Cycle Handle bar Grip Handlebar | Cycle Handle Extender,https://www.amazon.in/Gadget-Deals-Extender-Mountain-Extension/dp/B08SBLWGKJ/ref=sr_1_48?dib=eyJ2IjoiMSJ9.BBvldDuq2pcUmkWQFIHG2fj3g38dVdIoNrEsCkCuf8nIe6Z1YWneqOq6P0MEPPUpyci7T9VADf5Buzlw0ChTm3_NYx79z8xjsnjFH-UIvvgVP4jehiOHDVqYacmxtaX_P1-m9NpFp7JXCcbC7xsyypMPx1D5M3_gn2HdAhEMxQ0bqVHioVCO_aFWoqJ1gDAdMf2Bd96w-5G4kzCXve8N8q2cBlcUcgkcUguZCmF8U-o.8q6ngDxyBKBrw2kubWoKoYGWjmJhCjKO7bKzCkvr1AE&dib_tag=se&keywords=cycling&qid=1747739470&sr=8-48,https://m.media-amazon.com/images/I/51daLn4KTsL._AC_UY218_.jpg,₹399,₹999
VESCO Kick Pro 14 T Kids Cycle with Balance Wheel & Back Rest Seat/Water Bottle | Frame 9 Inch | Ideal for 3 to 5 Years Boys & Girls (Green),https://www.amazon.in/VESCO-Green-Cycles-Adjustable-Support/dp/B09FGSR3QD/ref=sr_1_49?dib=eyJ2IjoiMSJ9.BBvldDuq2pcUmkWQFIHG2fj3g38dVdIoNrEsCkCuf8nIe6Z1YWneqOq6P0MEPPUpyci7T9VADf5Buzlw0ChTm3_NYx79z8xjsnjFH-UIvvgVP4jehiOHDVqYacmxtaX_P1-m9NpFp7JXCcbC7xsyypMPx1D5M3_gn2HdAhEMxQ0bqVHioVCO_aFWoqJ1gDAdMf2Bd96w-5G4kzCXve8N8q2cBlcUcgkcUguZCmF8U-o.8q6ngDxyBKBrw2kubWoKoYGWjmJhCjKO7bKzCkvr1AE&dib_tag=se&keywords=cycling&qid=1747739470&sr=8-49,https://m.media-amazon.com/images/I/81z6a0jMgvL._AC_UY218_.jpg,"₹3,399","₹6,383"
Leader Buddy 20T Kids Cycle for 5 to 9 Years Suitable for Boy and Girl Both - Sea Green/Light Pink,https://www.amazon.in/Leader-Buddy-Carbon-steel-Frame/dp/B08PT1W82C/ref=sr_1_51?dib=eyJ2IjoiMSJ9.BBvldDuq2pcUmkWQFIHG2fj3g38dVdIoNrEsCkCuf8nIe6Z1YWneqOq6P0MEPPUpyci7T9VADf5Buzlw0ChTm3_NYx79z8xjsnjFH-UIvvgVP4jehiOHDVqYacmxtaX_P1-m9NpFp7JXCcbC7xsyypMPx1D5M3_gn2HdAhEMxQ0bqVHioVCO_aFWoqJ1gDAdMf2Bd96w-5G4kzCXve8N8q2cBlcUcgkcUguZCmF8U-o.8q6ngDxyBKBrw2kubWoKoYGWjmJhCjKO7bKzCkvr1AE&dib_tag=se&keywords=cycling&qid=1747739470&sr=8-51,https://m.media-amazon.com/images/I/81WYVplUmBL._AC_UY218_.jpg,"₹3,699","₹9,999"
"Lifelong Trike Cycle for Kids Cycle 2-5 Years - Tricycles for Boy & Girl - Baby Cycle - Bicycle for Kids - Bike with 3 EVA Wheels, Bell & Basket -Durable Tricycle with Parental Control",https://www.amazon.in/Lifelong-Trike-Cycle-Kids-Years/dp/B0CQRDQ6TS/ref=sr_1_52?dib=eyJ2IjoiMSJ9.BBvldDuq2pcUmkWQFIHG2fj3g38dVdIoNrEsCkCuf8nIe6Z1YWneqOq6P0MEPPUpyci7T9VADf5Buzlw0ChTm3_NYx79z8xjsnjFH-UIvvgVP4jehiOHDVqYacmxtaX_P1-m9NpFp7JXCcbC7xsyypMPx1D5M3_gn2HdAhEMxQ0bqVHioVCO_aFWoqJ1gDAdMf2Bd96w-5G4kzCXve8N8q2cBlcUcgkcUguZCmF8U-o.8q6ngDxyBKBrw2kubWoKoYGWjmJhCjKO7bKzCkvr1AE&dib_tag=se&keywords=cycling&qid=1747739470&sr=8-52,https://m.media-amazon.com/images/I/61QyeAZajkL._AC_UY218_.jpg,"₹1,899","₹8,999"
"BADOWL Wind Rider Full Finger Motorcycle Riding Gloves with Touchscreen Fingertips and Knuckle Protection – Anti-Slip Grip (Grey, M)",https://www.amazon.in/sspa/click?ie=UTF8&spc=MTo4NzI0NzY3NTc4ODg5MDI6MTc0NzczOTQ3MDpzcF9idGY6MzAwNTMzMDY2NjEwMDMyOjowOjo&url=%2FBADOWL-Motorcycle-Touchscreen-Fingertips-Protection%2Fdp%2FB0DLGLR156%2Fref%3Dsr_1_53_sspa%3Fdib%3DeyJ2IjoiMSJ9.BBvldDuq2pcUmkWQFIHG2fj3g38dVdIoNrEsCkCuf8nIe6Z1YWneqOq6P0MEPPUpyci7T9VADf5Buzlw0ChTm3_NYx79z8xjsnjFH-UIvvgVP4jehiOHDVqYacmxtaX_P1-m9NpFp7JXCcbC7xsyypMPx1D5M3_gn2HdAhEMxQ0bqVHioVCO_aFWoqJ1gDAdMf2Bd96w-5G4kzCXve8N8q2cBlcUcgkcUguZCmF8U-o.8q6ngDxyBKBrw2kubWoKoYGWjmJhCjKO7bKzCkvr1AE%26dib_tag%3Dse%26keywords%3Dcycling%26qid%3D1747739470%26sr%3D8-53-spons%26sp_csd%3Dd2lkZ2V0TmFtZT1zcF9idGY%26psc%3D1,https://m.media-amazon.com/images/I/91Nlo9HCyiL._AC_UY218_.jpg,₹640,₹899
"Tripole Waist Pack with Detachable Bottle Holder - Multi-Utility Waist and Sling Bag for Hiking, Cycling, and Backpacking (Black)",https://www.amazon.in/sspa/click?ie=UTF8&spc=MTo4NzI0NzY3NTc4ODg5MDI6MTc0NzczOTQ3MDpzcF9idGY6MjAwMjgzODAzNzMzMDI6OjA6Og&url=%2FTripole-Waist-Detachable-Bottle-Holder%2Fdp%2FB0821JJWTT%2Fref%3Dsr_1_54_sspa%3Fdib%3DeyJ2IjoiMSJ9.BBvldDuq2pcUmkWQFIHG2fj3g38dVdIoNrEsCkCuf8nIe6Z1YWneqOq6P0MEPPUpyci7T9VADf5Buzlw0ChTm3_NYx79z8xjsnjFH-UIvvgVP4jehiOHDVqYacmxtaX_P1-m9NpFp7JXCcbC7xsyypMPx1D5M3_gn2HdAhEMxQ0bqVHioVCO_aFWoqJ1gDAdMf2Bd96w-5G4kzCXve8N8q2cBlcUcgkcUguZCmF8U-o.8q6ngDxyBKBrw2kubWoKoYGWjmJhCjKO7bKzCkvr1AE%26dib_tag%3Dse%26keywords%3Dcycling%26qid%3D1747739470%26sr%3D8-54-spons%26sp_csd%3Dd2lkZ2V0TmFtZT1zcF9idGY%26psc%3D1,https://m.media-amazon.com/images/I/91k75ckNtWS._AC_UY218_.jpg,₹697.30,"₹1,299"
BIONFIT Fitness Is Bliss® Patented Design Exercise Cycle for Men & Women | Air Bike with Attached Resistance Band | Max User Weight: 120 Kg | Upright Gym Cycle for Home | DIY Installation,https://www.amazon.in/sspa/click?ie=UTF8&spc=MTo0NDMzMzc2NTAyMDQwMTk5OjE3NDc3Mzk0NzU6c3BfYXRmX25leHQ6MzAwNDYyOTQ4OTQzMzMyOjowOjo&url=%2FBIONFIT-Fitness-Patented-Design-Resistance%2Fdp%2FB0DRYZJ2MT%2Fref%3Dsr_1_49_sspa%3Fdib%3DeyJ2IjoiMSJ9.-MnPLskTR-LcnjxBzq8stYnDeZkRbYx5RQtTK7qPzy3b0AmjP3RfC1hTkKx37zKXsFZtKVk5SJWuIw1bERarNe_RFm5XudQY2F3qaabmk8VJpkEkzQV5YDSg7ozISgEc-2EwON8xWQqIdvESeFzunFSUJqDzELJjCvBqNmw3uLtfoPjehpC5A5TNp2RYJ3DJBkP0ar7PxRmEZgEExqWcDnseNkSOy17MkNI1efxT9Rg.5FuEu_bfYI7hbz-GVC4D-4R-XETSiBaZ-e1Ot-bB9Yw%26dib_tag%3Dse%26keywords%3Dcycling%26qid%3D1747739475%26sr%3D8-49-spons%26sp_csd%3Dd2lkZ2V0TmFtZT1zcF9hdGZfbmV4dA%26psc%3D1,https://m.media-amazon.com/images/I/61dVYr7ZeWL._AC_UY218_.jpg,"₹7,899","₹26,499"
"BIONFIT Moving Handle Exercise Gym Cycle | 2 Year Warranty | Air Bike with Attached Resistance Band, Abs Twister & Back Support, upright cycle for Home Fitness | Free Installation Support",https://www.amazon.in/sspa/click?ie=UTF8&spc=MTo0NDMzMzc2NTAyMDQwMTk5OjE3NDc3Mzk0NzU6c3BfYXRmX25leHQ6MzAwNTUyMTY4Mzc0MzMyOjowOjo&url=%2FBIONFIT-Resistance-Twister-Back-Support%2Fdp%2FB0BX9ZBGTT%2Fref%3Dsr_1_50_sspa%3Fdib%3DeyJ2IjoiMSJ9.-MnPLskTR-LcnjxBzq8stYnDeZkRbYx5RQtTK7qPzy3b0AmjP3RfC1hTkKx37zKXsFZtKVk5SJWuIw1bERarNe_RFm5XudQY2F3qaabmk8VJpkEkzQV5YDSg7ozISgEc-2EwON8xWQqIdvESeFzunFSUJqDzELJjCvBqNmw3uLtfoPjehpC5A5TNp2RYJ3DJBkP0ar7PxRmEZgEExqWcDnseNkSOy17MkNI1efxT9Rg.5FuEu_bfYI7hbz-GVC4D-4R-XETSiBaZ-e1Ot-bB9Yw%26dib_tag%3Dse%26keywords%3Dcycling%26qid%3D1747739475%26sr%3D8-50-spons%26sp_csd%3Dd2lkZ2V0TmFtZT1zcF9hdGZfbmV4dA%26psc%3D1,https://m.media-amazon.com/images/I/71HdQzFtVoL._AC_UY218_.jpg,"₹7,999","₹21,999"
JoyRide Twin Trekkers Kids Tricycle with Parental Adjust Push Handle Children Seat Belt Dual Steering 2 footrest 2 Big seat Kids trikes Ride on Cycle Outdoor Toddler Bicycle for Boys & Girls (Blue),https://www.amazon.in/JoyRide-Trekkers-Tricycle-Parental-Children/dp/B0F4XR6NB8/ref=sr_1_51?dib=eyJ2IjoiMSJ9.-MnPLskTR-LcnjxBzq8stYnDeZkRbYx5RQtTK7qPzy3b0AmjP3RfC1hTkKx37zKXsFZtKVk5SJWuIw1bERarNe_RFm5XudQY2F3qaabmk8VJpkEkzQV5YDSg7ozISgEc-2EwON8xWQqIdvESeFzunFSUJqDzELJjCvBqNmw3uLtfoPjehpC5A5TNp2RYJ3DJBkP0ar7PxRmEZgEExqWcDnseNkSOy17MkNI1efxT9Rg.5FuEu_bfYI7hbz-GVC4D-4R-XETSiBaZ-e1Ot-bB9Yw&dib_tag=se&keywords=cycling&qid=1747739475&sr=8-51,https://m.media-amazon.com/images/I/51MindsnkTL._AC_UY218_.jpg,"₹2,500","₹5,000"
"BADOWL Full Finger Bike Riding Gloves for Men & Women, Touchscreen Compatible Motorcycle Gloves for Bike Riding, Durable and Breathable Outdoor Sports Gloves, Nylon, Grey",https://www.amazon.in/BADOWL-Touchscreen-Compatible-Motorcycle-Breathable/dp/B0DFTR4C79/ref=sr_1_52?dib=eyJ2IjoiMSJ9.-MnPLskTR-LcnjxBzq8stYnDeZkRbYx5RQtTK7qPzy3b0AmjP3RfC1hTkKx37zKXsFZtKVk5SJWuIw1bERarNe_RFm5XudQY2F3qaabmk8VJpkEkzQV5YDSg7ozISgEc-2EwON8xWQqIdvESeFzunFSUJqDzELJjCvBqNmw3uLtfoPjehpC5A5TNp2RYJ3DJBkP0ar7PxRmEZgEExqWcDnseNkSOy17MkNI1efxT9Rg.5FuEu_bfYI7hbz-GVC4D-4R-XETSiBaZ-e1Ot-bB9Yw&dib_tag=se&keywords=cycling&qid=1747739475&sr=8-52,https://m.media-amazon.com/images/I/91Ec+igRVAL._AC_UY218_.jpg,₹329,₹999
VESCO 24 T Drift Cycle for Big Kids MTB Mountain Bike | Dual Disk Brake & Front Suspension Single Speed Bicycle for Boys and Girls | 16 inches Frame | Ideal for 9-14 Years (Grey),https://www.amazon.in/VESCO-Mountain-Suspension-Single-Bicycle/dp/B0B8ZHZBQN/ref=sr_1_54?dib=eyJ2IjoiMSJ9.-MnPLskTR-LcnjxBzq8stYnDeZkRbYx5RQtTK7qPzy3b0AmjP3RfC1hTkKx37zKXsFZtKVk5SJWuIw1bERarNe_RFm5XudQY2F3qaabmk8VJpkEkzQV5YDSg7ozISgEc-2EwON8xWQqIdvESeFzunFSUJqDzELJjCvBqNmw3uLtfoPjehpC5A5TNp2RYJ3DJBkP0ar7PxRmEZgEExqWcDnseNkSOy17MkNI1efxT9Rg.5FuEu_bfYI7hbz-GVC4D-4R-XETSiBaZ-e1Ot-bB9Yw&dib_tag=se&keywords=cycling&qid=1747739475&sr=8-54,https://m.media-amazon.com/images/I/81KIQbIm6uL._AC_UY218_.jpg,"₹4,899","₹10,599"
Gadget Deals- Cycle Seat | Cycle seat Cushion | with Red Reflective Safety Strip Universal Memory Foam Waterproof Breathable Shock Absorbing| Cycle Saddle | Cycle Saddle seat,https://www.amazon.in/Gadget-Reflective-Universal-Waterproof-Breathable/dp/B0DB8P1JM5/ref=sr_1_55?dib=eyJ2IjoiMSJ9.-MnPLskTR-LcnjxBzq8stYnDeZkRbYx5RQtTK7qPzy3b0AmjP3RfC1hTkKx37zKXsFZtKVk5SJWuIw1bERarNe_RFm5XudQY2F3qaabmk8VJpkEkzQV5YDSg7ozISgEc-2EwON8xWQqIdvESeFzunFSUJqDzELJjCvBqNmw3uLtfoPjehpC5A5TNp2RYJ3DJBkP0ar7PxRmEZgEExqWcDnseNkSOy17MkNI1efxT9Rg.5FuEu_bfYI7hbz-GVC4D-4R-XETSiBaZ-e1Ot-bB9Yw&dib_tag=se&keywords=cycling&qid=1747739475&sr=8-55,https://m.media-amazon.com/images/I/619AvRo54qL._AC_UY218_.jpg,₹579,"₹1,199"
"Comfortfriends Cycle Rearview Mirror, Essential Cycle Mirror for Safe Riding and Enhanced Visibility Bicycle Rear View Mirrors with Protective Film Adjustable 360° Handlebar Convex Mirror (2 Pieces)",https://www.amazon.in/Comfortfriends-Essential-Visibility-Protective-Adjustable/dp/B0DTQG8RXT/ref=sr_1_56?dib=eyJ2IjoiMSJ9.-MnPLskTR-LcnjxBzq8stYnDeZkRbYx5RQtTK7qPzy3b0AmjP3RfC1hTkKx37zKXsFZtKVk5SJWuIw1bERarNe_RFm5XudQY2F3qaabmk8VJpkEkzQV5YDSg7ozISgEc-2EwON8xWQqIdvESeFzunFSUJqDzELJjCvBqNmw3uLtfoPjehpC5A5TNp2RYJ3DJBkP0ar7PxRmEZgEExqWcDnseNkSOy17MkNI1efxT9Rg.5FuEu_bfYI7hbz-GVC4D-4R-XETSiBaZ-e1Ot-bB9Yw&dib_tag=se&keywords=cycling&qid=1747739475&sr=8-56,https://m.media-amazon.com/images/I/71QztLEPh5L._AC_UY218_.jpg,₹284,₹142
"Boldfit Bicycle Pump - High Pressure Foot Air Pump for Cycles, Balloons, Footballs and Tyres",https://www.amazon.in/Boldfit-Bicycle-Pressure-Balloon-Football/dp/B0CKBKM98N/ref=sr_1_57?dib=eyJ2IjoiMSJ9.-MnPLskTR-LcnjxBzq8stYnDeZkRbYx5RQtTK7qPzy3b0AmjP3RfC1hTkKx37zKXsFZtKVk5SJWuIw1bERarNe_RFm5XudQY2F3qaabmk8VJpkEkzQV5YDSg7ozISgEc-2EwON8xWQqIdvESeFzunFSUJqDzELJjCvBqNmw3uLtfoPjehpC5A5TNp2RYJ3DJBkP0ar7PxRmEZgEExqWcDnseNkSOy17MkNI1efxT9Rg.5FuEu_bfYI7hbz-GVC4D-4R-XETSiBaZ-e1Ot-bB9Yw&dib_tag=se&keywords=cycling&qid=1747739475&sr=8-57,https://m.media-amazon.com/images/I/618xRqTUSnL._AC_UY218_.jpg,₹389,"₹1,499"
Gadget Deals- Rechargeable - Cycle Light (3 Modes) Cycle Light and Horn | Cycle Lights Rechargeable Waterproof - Cycle LED Front Light | Cycle Headlight | Cycle Bell | Cycle Lights for Bicycle,https://www.amazon.in/Gadget-Deals-Rechargeable-Waterproof-Headlight/dp/B0CPDYCRFQ/ref=sr_1_58?dib=eyJ2IjoiMSJ9.-MnPLskTR-LcnjxBzq8stYnDeZkRbYx5RQtTK7qPzy3b0AmjP3RfC1hTkKx37zKXsFZtKVk5SJWuIw1bERarNe_RFm5XudQY2F3qaabmk8VJpkEkzQV5YDSg7ozISgEc-2EwON8xWQqIdvESeFzunFSUJqDzELJjCvBqNmw3uLtfoPjehpC5A5TNp2RYJ3DJBkP0ar7PxRmEZgEExqWcDnseNkSOy17MkNI1efxT9Rg.5FuEu_bfYI7hbz-GVC4D-4R-XETSiBaZ-e1Ot-bB9Yw&dib_tag=se&keywords=cycling&qid=1747739475&sr=8-58,https://m.media-amazon.com/images/I/61fye-7whAL._AC_UY218_.jpg,₹239,₹899
"BADOWL Full Finger Bike Riding Gloves for Men & Women, Touchscreen Compatible Motorcycle Gloves for Bike Riding, Durable and Breathable Outdoor Sports Gloves, Nylon, Grey",https://www.amazon.in/sspa/click?ie=UTF8&spc=MTo0NDMzMzc2NTAyMDQwMTk5OjE3NDc3Mzk0NzU6c3BfbXRmOjMwMDUxMjY0MDEzMDgzMjo6MDo6&url=%2FBADOWL-Touchscreen-Compatible-Motorcycle-Breathable%2Fdp%2FB0DFTR4C79%2Fref%3Dsr_1_59_sspa%3Fdib%3DeyJ2IjoiMSJ9.-MnPLskTR-LcnjxBzq8stYnDeZkRbYx5RQtTK7qPzy3b0AmjP3RfC1hTkKx37zKXsFZtKVk5SJWuIw1bERarNe_RFm5XudQY2F3qaabmk8VJpkEkzQV5YDSg7ozISgEc-2EwON8xWQqIdvESeFzunFSUJqDzELJjCvBqNmw3uLtfoPjehpC5A5TNp2RYJ3DJBkP0ar7PxRmEZgEExqWcDnseNkSOy17MkNI1efxT9Rg.5FuEu_bfYI7hbz-GVC4D-4R-XETSiBaZ-e1Ot-bB9Yw%26dib_tag%3Dse%26keywords%3Dcycling%26qid%3D1747739475%26sr%3D8-59-spons%26sp_csd%3Dd2lkZ2V0TmFtZT1zcF9tdGY%26psc%3D1,https://m.media-amazon.com/images/I/91Ec+igRVAL._AC_UY218_.jpg,₹329,₹999
Lifelong LLSBB49 Fit Pro Spin Fitness Bike with 7Kg Flywheel - Upright Stationary Exercise Bike (White),https://www.amazon.in/sspa/click?ie=UTF8&spc=MTo0NDMzMzc2NTAyMDQwMTk5OjE3NDc3Mzk0NzU6c3BfbXRmOjMwMDQxNTA1NDAxMDUzMjo6MDo6&url=%2FLifelong-Flywheel-Adjustable-Resistance-Workouts%2Fdp%2FB0C6M4HD5S%2Fref%3Dsr_1_60_sspa%3Fdib%3DeyJ2IjoiMSJ9.-MnPLskTR-LcnjxBzq8stYnDeZkRbYx5RQtTK7qPzy3b0AmjP3RfC1hTkKx37zKXsFZtKVk5SJWuIw1bERarNe_RFm5XudQY2F3qaabmk8VJpkEkzQV5YDSg7ozISgEc-2EwON8xWQqIdvESeFzunFSUJqDzELJjCvBqNmw3uLtfoPjehpC5A5TNp2RYJ3DJBkP0ar7PxRmEZgEExqWcDnseNkSOy17MkNI1efxT9Rg.5FuEu_bfYI7hbz-GVC4D-4R-XETSiBaZ-e1Ot-bB9Yw%26dib_tag%3Dse%26keywords%3Dcycling%26qid%3D1747739475%26sr%3D8-60-spons%26sp_csd%3Dd2lkZ2V0TmFtZT1zcF9tdGY%26psc%3D1,https://m.media-amazon.com/images/I/710CxiHmAiL._AC_UY218_.jpg,"₹8,399","₹25,999"
"FOVERA Gel Bicycle Saddle Seat Cushion Cover for Indoor Outdoor Cycling, Exercise Cycle - Soft and Washable, 100% Gel Material, Made in India",https://www.amazon.in/FOVERA-Bicycle-Cushion-Outdoor-Exercise/dp/B0BRVKVHM2/ref=sr_1_61?dib=eyJ2IjoiMSJ9.-MnPLskTR-LcnjxBzq8stYnDeZkRbYx5RQtTK7qPzy3b0AmjP3RfC1hTkKx37zKXsFZtKVk5SJWuIw1bERarNe_RFm5XudQY2F3qaabmk8VJpkEkzQV5YDSg7ozISgEc-2EwON8xWQqIdvESeFzunFSUJqDzELJjCvBqNmw3uLtfoPjehpC5A5TNp2RYJ3DJBkP0ar7PxRmEZgEExqWcDnseNkSOy17MkNI1efxT9Rg.5FuEu_bfYI7hbz-GVC4D-4R-XETSiBaZ-e1Ot-bB9Yw&dib_tag=se&keywords=cycling&qid=1747739475&sr=8-61,https://m.media-amazon.com/images/I/81V83TLCmPL._AC_UY218_.jpg,₹599,₹599
Lista 14 Function Waterproof Bicycle Computer Odometer Speedometer(6 Months warrenty),https://www.amazon.in/Lista-Function-Waterproof-Computer-Speedometer/dp/B0836BD6L4/ref=sr_1_63?dib=eyJ2IjoiMSJ9.-MnPLskTR-LcnjxBzq8stYnDeZkRbYx5RQtTK7qPzy3b0AmjP3RfC1hTkKx37zKXsFZtKVk5SJWuIw1bERarNe_RFm5XudQY2F3qaabmk8VJpkEkzQV5YDSg7ozISgEc-2EwON8xWQqIdvESeFzunFSUJqDzELJjCvBqNmw3uLtfoPjehpC5A5TNp2RYJ3DJBkP0ar7PxRmEZgEExqWcDnseNkSOy17MkNI1efxT9Rg.5FuEu_bfYI7hbz-GVC4D-4R-XETSiBaZ-e1Ot-bB9Yw&dib_tag=se&keywords=cycling&qid=1747739475&sr=8-63,https://m.media-amazon.com/images/I/61W09gMTgBL._AC_UY218_.jpg,₹299,₹999
NYKD Women Durable and Concealed Waistband Stretch Cotton Cycling Shorts - Nyp083,https://www.amazon.in/NYKD-Stretchable-Cycling-Shorties-Underskirt/dp/B0BMPR3TNL/ref=sr_1_64?dib=eyJ2IjoiMSJ9.-MnPLskTR-LcnjxBzq8stYnDeZkRbYx5RQtTK7qPzy3b0AmjP3RfC1hTkKx37zKXsFZtKVk5SJWuIw1bERarNe_RFm5XudQY2F3qaabmk8VJpkEkzQV5YDSg7ozISgEc-2EwON8xWQqIdvESeFzunFSUJqDzELJjCvBqNmw3uLtfoPjehpC5A5TNp2RYJ3DJBkP0ar7PxRmEZgEExqWcDnseNkSOy17MkNI1efxT9Rg.5FuEu_bfYI7hbz-GVC4D-4R-XETSiBaZ-e1Ot-bB9Yw&dib_tag=se&keywords=cycling&qid=1747739475&sr=8-64,https://m.media-amazon.com/images/I/61ZepX4onpL._AC_UY218_.jpg,₹494,₹247
"Leader Buddy Kids Cycle 14T with Training Wheels (SEMI-Assembled) for Boys and Girls Ideal for Age Group 2-5 Years | Frame: 8 Inches (14T, Sea Green_Light Pink)",https://www.amazon.in/Leader-Plastic-Tubeless-Training-SEMI-Assembled/dp/B08WHDFK5V/ref=sr_1_65?dib=eyJ2IjoiMSJ9.-MnPLskTR-LcnjxBzq8stYnDeZkRbYx5RQtTK7qPzy3b0AmjP3RfC1hTkKx37zKXsFZtKVk5SJWuIw1bERarNe_RFm5XudQY2F3qaabmk8VJpkEkzQV5YDSg7ozISgEc-2EwON8xWQqIdvESeFzunFSUJqDzELJjCvBqNmw3uLtfoPjehpC5A5TNp2RYJ3DJBkP0ar7PxRmEZgEExqWcDnseNkSOy17MkNI1efxT9Rg.5FuEu_bfYI7hbz-GVC4D-4R-XETSiBaZ-e1Ot-bB9Yw&dib_tag=se&keywords=cycling&qid=1747739475&sr=8-65,https://m.media-amazon.com/images/I/81Sw5UIOaqL._AC_UY218_.jpg,"₹2,899","₹5,500"
PROBEROS® Men's Cycling Shorts 3D Padded Cycling Pants for Men High Stretchy Sport Pants Breathable Quick Dry Cycling Pants Outdoor Shorts Pants,https://www.amazon.in/PROBEROS-Sillicone-Underwear-Anti-Slip-Resistant/dp/B09CM5SFP6/ref=sr_1_66?dib=eyJ2IjoiMSJ9.-MnPLskTR-LcnjxBzq8stYnDeZkRbYx5RQtTK7qPzy3b0AmjP3RfC1hTkKx37zKXsFZtKVk5SJWuIw1bERarNe_RFm5XudQY2F3qaabmk8VJpkEkzQV5YDSg7ozISgEc-2EwON8xWQqIdvESeFzunFSUJqDzELJjCvBqNmw3uLtfoPjehpC5A5TNp2RYJ3DJBkP0ar7PxRmEZgEExqWcDnseNkSOy17MkNI1efxT9Rg.5FuEu_bfYI7hbz-GVC4D-4R-XETSiBaZ-e1Ot-bB9Yw&dib_tag=se&keywords=cycling&qid=1747739475&sr=8-66,https://m.media-amazon.com/images/I/61jGSwgRPsL._AC_UY218_.jpg,₹949,"₹1,474"
"Bicycle Pump - High Pressure Foot Air Pump for Cycles, Balloons, Footballs and Tyres",https://www.amazon.in/Bicycle-Pump-Pressure-Balloons-Footballs/dp/B0DLKQ5R15/ref=sr_1_67?dib=eyJ2IjoiMSJ9.-MnPLskTR-LcnjxBzq8stYnDeZkRbYx5RQtTK7qPzy3b0AmjP3RfC1hTkKx37zKXsFZtKVk5SJWuIw1bERarNe_RFm5XudQY2F3qaabmk8VJpkEkzQV5YDSg7ozISgEc-2EwON8xWQqIdvESeFzunFSUJqDzELJjCvBqNmw3uLtfoPjehpC5A5TNp2RYJ3DJBkP0ar7PxRmEZgEExqWcDnseNkSOy17MkNI1efxT9Rg.5FuEu_bfYI7hbz-GVC4D-4R-XETSiBaZ-e1Ot-bB9Yw&dib_tag=se&keywords=cycling&qid=1747739475&sr=8-67,https://m.media-amazon.com/images/I/61SSkPIF0hL._AC_UY218_.jpg,₹499,"₹1,499"
Leader Buddy 16T Sea Green/Light Pink Colour Cycle for Kids/Age Group 5-8 Years,https://www.amazon.in/Leader-Buddy-Green-Light-Colour/dp/B087B2VMP5/ref=sr_1_68?dib=eyJ2IjoiMSJ9.-MnPLskTR-LcnjxBzq8stYnDeZkRbYx5RQtTK7qPzy3b0AmjP3RfC1hTkKx37zKXsFZtKVk5SJWuIw1bERarNe_RFm5XudQY2F3qaabmk8VJpkEkzQV5YDSg7ozISgEc-2EwON8xWQqIdvESeFzunFSUJqDzELJjCvBqNmw3uLtfoPjehpC5A5TNp2RYJ3DJBkP0ar7PxRmEZgEExqWcDnseNkSOy17MkNI1efxT9Rg.5FuEu_bfYI7hbz-GVC4D-4R-XETSiBaZ-e1Ot-bB9Yw&dib_tag=se&keywords=cycling&qid=1747739475&sr=8-68,https://m.media-amazon.com/images/I/81WYVplUmBL._AC_UY218_.jpg,"₹3,499","₹7,999"
"BADOWL Wind Rider Full Finger Motorcycle Riding Gloves with Touchscreen Fingertips and Knuckle Protection – Anti-Slip Grip (Grey, M)",https://www.amazon.in/sspa/click?ie=UTF8&spc=MTo0NDMzMzc2NTAyMDQwMTk5OjE3NDc3Mzk0NzU6c3BfYnRmOjMwMDUzMzA2NjYxMDAzMjo6MDo6&url=%2FBADOWL-Motorcycle-Touchscreen-Fingertips-Protection%2Fdp%2FB0DLGLR156%2Fref%3Dsr_1_69_sspa%3Fdib%3DeyJ2IjoiMSJ9.-MnPLskTR-LcnjxBzq8stYnDeZkRbYx5RQtTK7qPzy3b0AmjP3RfC1hTkKx37zKXsFZtKVk5SJWuIw1bERarNe_RFm5XudQY2F3qaabmk8VJpkEkzQV5YDSg7ozISgEc-2EwON8xWQqIdvESeFzunFSUJqDzELJjCvBqNmw3uLtfoPjehpC5A5TNp2RYJ3DJBkP0ar7PxRmEZgEExqWcDnseNkSOy17MkNI1efxT9Rg.5FuEu_bfYI7hbz-GVC4D-4R-XETSiBaZ-e1Ot-bB9Yw%26dib_tag%3Dse%26keywords%3Dcycling%26qid%3D1747739475%26sr%3D8-69-spons%26sp_csd%3Dd2lkZ2V0TmFtZT1zcF9idGY%26psc%3D1,https://m.media-amazon.com/images/I/91Nlo9HCyiL._AC_UY218_.jpg,₹640,₹899
"BIONFIT Exercise Bike for Home Gym Fitness | Spin Bike with Adjustable Resistance, Max weight: 100 kg | Exercise Cycle with 2 Years Warranty | Get Free Brand Installation-Contact Brand Customer Care",https://www.amazon.in/sspa/click?ie=UTF8&spc=MTo0NDMzMzc2NTAyMDQwMTk5OjE3NDc3Mzk0NzU6c3BfYnRmOjMwMDU1MDY4NzYxNzgzMjo6MDo6&url=%2FBIONFIT-Exercise-Fitness-Adjustable-Resistance%2Fdp%2FB0DRD7J6ZK%2Fref%3Dsr_1_70_sspa%3Fdib%3DeyJ2IjoiMSJ9.-MnPLskTR-LcnjxBzq8stYnDeZkRbYx5RQtTK7qPzy3b0AmjP3RfC1hTkKx37zKXsFZtKVk5SJWuIw1bERarNe_RFm5XudQY2F3qaabmk8VJpkEkzQV5YDSg7ozISgEc-2EwON8xWQqIdvESeFzunFSUJqDzELJjCvBqNmw3uLtfoPjehpC5A5TNp2RYJ3DJBkP0ar7PxRmEZgEExqWcDnseNkSOy17MkNI1efxT9Rg.5FuEu_bfYI7hbz-GVC4D-4R-XETSiBaZ-e1Ot-bB9Yw%26dib_tag%3Dse%26keywords%3Dcycling%26qid%3D1747739475%26sr%3D8-70-spons%26sp_csd%3Dd2lkZ2V0TmFtZT1zcF9idGY%26psc%3D1,https://m.media-amazon.com/images/I/71Ur3JxgcsL._AC_UY218_.jpg,"₹7,874","₹26,449"
BIONFIT Fitness Is Bliss® Patented Design Exercise Cycle for Men & Women | Air Bike with Attached Resistance Band | Max User Weight: 120 Kg | Upright Gym Cycle for Home | DIY Installation,https://www.amazon.in/sspa/click?ie=UTF8&spc=MTo4NjI5NTE2NTc3NzgxODA6MTc0NzczOTQ4MTpzcF9hdGZfbmV4dDozMDA0NjI5NDg5NDMzMzI6OjA6Og&url=%2FBIONFIT-Fitness-Patented-Design-Resistance%2Fdp%2FB0DRYZJ2MT%2Fref%3Dsr_1_65_sspa%3Fdib%3DeyJ2IjoiMSJ9.hfKEcjwJ70EpCyqf9uHnInPMmiGeGIgDcFMuBV0BS4GBdBkwSpcnTtcVW9HwowF_Wg-hK87SbyS8mhIDEHmweBg51Jg44PkUe1sdQu3QNLUzIxgzXrYDYT6hshm2uagq6yzD0du_1vG4razAXmUJ0iYORKKol4yaWcAYvH7WQHNWEkpzzUCJvG2EROq12MowbM5yDfT-EjPbtekZDbIsDdkIAFl474kDB59u2bpBhp4.UKDh0Z7trtJflMYxQFbf0D2BXRoCxiSXVNXd0D44kzs%26dib_tag%3Dse%26keywords%3Dcycling%26qid%3D1747739481%26sr%3D8-65-spons%26sp_csd%3Dd2lkZ2V0TmFtZT1zcF9hdGZfbmV4dA%26psc%3D1,https://m.media-amazon.com/images/I/61dVYr7ZeWL._AC_UY218_.jpg,"₹7,899","₹26,499"
"BIONFIT Moving Handle Exercise Gym Cycle | 2 Year Warranty | Air Bike with Attached Resistance Band, Abs Twister & Back Support, upright cycle for Home Fitness | Free Installation Support",https://www.amazon.in/sspa/click?ie=UTF8&spc=MTo4NjI5NTE2NTc3NzgxODA6MTc0NzczOTQ4MTpzcF9hdGZfbmV4dDozMDA1NTIxNjgzNzQzMzI6OjA6Og&url=%2FBIONFIT-Resistance-Twister-Back-Support%2Fdp%2FB0BX9ZBGTT%2Fref%3Dsr_1_66_sspa%3Fdib%3DeyJ2IjoiMSJ9.hfKEcjwJ70EpCyqf9uHnInPMmiGeGIgDcFMuBV0BS4GBdBkwSpcnTtcVW9HwowF_Wg-hK87SbyS8mhIDEHmweBg51Jg44PkUe1sdQu3QNLUzIxgzXrYDYT6hshm2uagq6yzD0du_1vG4razAXmUJ0iYORKKol4yaWcAYvH7WQHNWEkpzzUCJvG2EROq12MowbM5yDfT-EjPbtekZDbIsDdkIAFl474kDB59u2bpBhp4.UKDh0Z7trtJflMYxQFbf0D2BXRoCxiSXVNXd0D44kzs%26dib_tag%3Dse%26keywords%3Dcycling%26qid%3D1747739481%26sr%3D8-66-spons%26sp_csd%3Dd2lkZ2V0TmFtZT1zcF9hdGZfbmV4dA%26psc%3D1,https://m.media-amazon.com/images/I/71HdQzFtVoL._AC_UY218_.jpg,"₹7,999","₹21,999"
"Bicycle Pump - High Pressure Foot Air Pump for Cycles, Balloons, Footballs and Tyres",https://www.amazon.in/Bicycle-Pump-Pressure-Balloons-Footballs/dp/B0DLKQ5R15/ref=sr_1_67?dib=eyJ2IjoiMSJ9.hfKEcjwJ70EpCyqf9uHnInPMmiGeGIgDcFMuBV0BS4GBdBkwSpcnTtcVW9HwowF_Wg-hK87SbyS8mhIDEHmweBg51Jg44PkUe1sdQu3QNLUzIxgzXrYDYT6hshm2uagq6yzD0du_1vG4razAXmUJ0iYORKKol4yaWcAYvH7WQHNWEkpzzUCJvG2EROq12MowbM5yDfT-EjPbtekZDbIsDdkIAFl474kDB59u2bpBhp4.UKDh0Z7trtJflMYxQFbf0D2BXRoCxiSXVNXd0D44kzs&dib_tag=se&keywords=cycling&qid=1747739481&sr=8-67,https://m.media-amazon.com/images/I/61SSkPIF0hL._AC_UY218_.jpg,₹499,"₹1,499"
"Skyride BMV X6 Foldable Cruiser Bicycle | 26-Inch White Bike with 21-Speed Gears, Dual Disc Brakes, Hydraulic Suspension, and Strong Carbon Steel Frame | Great for City Rides and Off-Road Adventures",https://www.amazon.in/Foldable-21-Speed-Hydraulic-Suspension-Adventures/dp/B0D9Y1VJ12/ref=sr_1_68?dib=eyJ2IjoiMSJ9.hfKEcjwJ70EpCyqf9uHnInPMmiGeGIgDcFMuBV0BS4GBdBkwSpcnTtcVW9HwowF_Wg-hK87SbyS8mhIDEHmweBg51Jg44PkUe1sdQu3QNLUzIxgzXrYDYT6hshm2uagq6yzD0du_1vG4razAXmUJ0iYORKKol4yaWcAYvH7WQHNWEkpzzUCJvG2EROq12MowbM5yDfT-EjPbtekZDbIsDdkIAFl474kDB59u2bpBhp4.UKDh0Z7trtJflMYxQFbf0D2BXRoCxiSXVNXd0D44kzs&dib_tag=se&keywords=cycling&qid=1747739481&sr=8-68,https://m.media-amazon.com/images/I/61p20ZMC1rL._AC_UY218_.jpg,"₹11,499","₹29,999"
"V.E UV Sun Protection Arm Sleeves for Men & Women, UPF 50 Arm Cover for Biking,Cricket,Cycling, Golf, Outdoor Sports",https://www.amazon.in/V-Protection-Sleeves-Perfect-Activities/dp/B099WZWY3R/ref=sr_1_69?dib=eyJ2IjoiMSJ9.hfKEcjwJ70EpCyqf9uHnInPMmiGeGIgDcFMuBV0BS4GBdBkwSpcnTtcVW9HwowF_Wg-hK87SbyS8mhIDEHmweBg51Jg44PkUe1sdQu3QNLUzIxgzXrYDYT6hshm2uagq6yzD0du_1vG4razAXmUJ0iYORKKol4yaWcAYvH7WQHNWEkpzzUCJvG2EROq12MowbM5yDfT-EjPbtekZDbIsDdkIAFl474kDB59u2bpBhp4.UKDh0Z7trtJflMYxQFbf0D2BXRoCxiSXVNXd0D44kzs&dib_tag=se&keywords=cycling&qid=1747739481&sr=8-69,https://m.media-amazon.com/images/I/719S7Os5psL._AC_UY218_.jpg,₹269,"₹1,499"
Wavva® ABS Strong Plastic Cycle Bicycle Pedal Set for MTB Mountain Senior Ranger Bikes Free Size with Axle for All Cycles (Black) We Deals in Quality Product Only.,https://www.amazon.in/Plastic-Bicycle-Mountain-Quality-Product/dp/B0CXXWBG75/ref=sr_1_70?dib=eyJ2IjoiMSJ9.hfKEcjwJ70EpCyqf9uHnInPMmiGeGIgDcFMuBV0BS4GBdBkwSpcnTtcVW9HwowF_Wg-hK87SbyS8mhIDEHmweBg51Jg44PkUe1sdQu3QNLUzIxgzXrYDYT6hshm2uagq6yzD0du_1vG4razAXmUJ0iYORKKol4yaWcAYvH7WQHNWEkpzzUCJvG2EROq12MowbM5yDfT-EjPbtekZDbIsDdkIAFl474kDB59u2bpBhp4.UKDh0Z7trtJflMYxQFbf0D2BXRoCxiSXVNXd0D44kzs&dib_tag=se&keywords=cycling&qid=1747739481&sr=8-70,https://m.media-amazon.com/images/I/71nTB1Q4unL._AC_UY218_.jpg,₹165,₹82.50
Clovia Women's Cotton Mid Waist Cycling Shorts with Inner Elastic,https://www.amazon.in/Clovia-Womens-Cycling-Elastic-PN3352P24_Beige_XL/dp/B07YQZTD2Z/ref=sr_1_71?dib=eyJ2IjoiMSJ9.hfKEcjwJ70EpCyqf9uHnInPMmiGeGIgDcFMuBV0BS4GBdBkwSpcnTtcVW9HwowF_Wg-hK87SbyS8mhIDEHmweBg51Jg44PkUe1sdQu3QNLUzIxgzXrYDYT6hshm2uagq6yzD0du_1vG4razAXmUJ0iYORKKol4yaWcAYvH7WQHNWEkpzzUCJvG2EROq12MowbM5yDfT-EjPbtekZDbIsDdkIAFl474kDB59u2bpBhp4.UKDh0Z7trtJflMYxQFbf0D2BXRoCxiSXVNXd0D44kzs&dib_tag=se&keywords=cycling&qid=1747739481&sr=8-71,https://m.media-amazon.com/images/I/71z0PZtOWbL._AC_UY218_.jpg,₹278,₹499
"Lifelong Trike Cycle for Kids Cycle 2-5 Years - Tricycles for Boy & Girl - Baby Cycle - Bicycle for Kids - Bike with 3 EVA Wheels, Bell & Basket -Durable Tricycle with Parental Control",https://www.amazon.in/Lifelong-Trike-Cycle-Kids-Years/dp/B0CQRDQG8R/ref=sr_1_72?dib=eyJ2IjoiMSJ9.hfKEcjwJ70EpCyqf9uHnInPMmiGeGIgDcFMuBV0BS4GBdBkwSpcnTtcVW9HwowF_Wg-hK87SbyS8mhIDEHmweBg51Jg44PkUe1sdQu3QNLUzIxgzXrYDYT6hshm2uagq6yzD0du_1vG4razAXmUJ0iYORKKol4yaWcAYvH7WQHNWEkpzzUCJvG2EROq12MowbM5yDfT-EjPbtekZDbIsDdkIAFl474kDB59u2bpBhp4.UKDh0Z7trtJflMYxQFbf0D2BXRoCxiSXVNXd0D44kzs&dib_tag=se&keywords=cycling&qid=1747739481&sr=8-72,https://m.media-amazon.com/images/I/71zQyu3uYPL._AC_UY218_.jpg,"₹1,899","₹8,999"
VESCO Hyper-X 24T MTB 7 Speed Gear Cycle for Boys & Girls | Dual Disc Brake | Front Suspension | 16 inch Frame | Ideal for Kids 10-12 Years Mountain Bike (Black),https://www.amazon.in/VESCO-Hyper-X-Bicycle-Speed-Mountain/dp/B0CYWJH4S9/ref=sr_1_73?dib=eyJ2IjoiMSJ9.hfKEcjwJ70EpCyqf9uHnInPMmiGeGIgDcFMuBV0BS4GBdBkwSpcnTtcVW9HwowF_Wg-hK87SbyS8mhIDEHmweBg51Jg44PkUe1sdQu3QNLUzIxgzXrYDYT6hshm2uagq6yzD0du_1vG4razAXmUJ0iYORKKol4yaWcAYvH7WQHNWEkpzzUCJvG2EROq12MowbM5yDfT-EjPbtekZDbIsDdkIAFl474kDB59u2bpBhp4.UKDh0Z7trtJflMYxQFbf0D2BXRoCxiSXVNXd0D44kzs&dib_tag=se&keywords=cycling&qid=1747739481&sr=8-73,https://m.media-amazon.com/images/I/81VNbNHCF8L._AC_UY218_.jpg,"₹5,899","₹10,599"
"BADOWL Full Finger Bike Riding Gloves for Men & Women, Touchscreen Compatible Motorcycle Gloves for Bike Riding, Durable and Breathable Outdoor Sports Gloves, Nylon, Grey",https://www.amazon.in/sspa/click?ie=UTF8&spc=MTo4NjI5NTE2NTc3NzgxODA6MTc0NzczOTQ4MTpzcF9tdGY6MzAwNTEyNjQwMTMwODMyOjowOjo&url=%2FBADOWL-Touchscreen-Compatible-Motorcycle-Breathable%2Fdp%2FB0DFTR4C79%2Fref%3Dsr_1_75_sspa%3Fdib%3DeyJ2IjoiMSJ9.hfKEcjwJ70EpCyqf9uHnInPMmiGeGIgDcFMuBV0BS4GBdBkwSpcnTtcVW9HwowF_Wg-hK87SbyS8mhIDEHmweBg51Jg44PkUe1sdQu3QNLUzIxgzXrYDYT6hshm2uagq6yzD0du_1vG4razAXmUJ0iYORKKol4yaWcAYvH7WQHNWEkpzzUCJvG2EROq12MowbM5yDfT-EjPbtekZDbIsDdkIAFl474kDB59u2bpBhp4.UKDh0Z7trtJflMYxQFbf0D2BXRoCxiSXVNXd0D44kzs%26dib_tag%3Dse%26keywords%3Dcycling%26qid%3D1747739481%26sr%3D8-75-spons%26sp_csd%3Dd2lkZ2V0TmFtZT1zcF9tdGY%26psc%3D1,https://m.media-amazon.com/images/I/91Ec+igRVAL._AC_UY218_.jpg,₹329,₹999
"BADOWL Wind Rider Full Finger Motorcycle Riding Gloves with Touchscreen Fingertips and Knuckle Protection – Anti-Slip Grip (Grey, M)",https://www.amazon.in/sspa/click?ie=UTF8&spc=MTo4NjI5NTE2NTc3NzgxODA6MTc0NzczOTQ4MTpzcF9tdGY6MzAwNTMzMDY2NjEwMDMyOjowOjo&url=%2FBADOWL-Motorcycle-Touchscreen-Fingertips-Protection%2Fdp%2FB0DLGLR156%2Fref%3Dsr_1_76_sspa%3Fdib%3DeyJ2IjoiMSJ9.hfKEcjwJ70EpCyqf9uHnInPMmiGeGIgDcFMuBV0BS4GBdBkwSpcnTtcVW9HwowF_Wg-hK87SbyS8mhIDEHmweBg51Jg44PkUe1sdQu3QNLUzIxgzXrYDYT6hshm2uagq6yzD0du_1vG4razAXmUJ0iYORKKol4yaWcAYvH7WQHNWEkpzzUCJvG2EROq12MowbM5yDfT-EjPbtekZDbIsDdkIAFl474kDB59u2bpBhp4.UKDh0Z7trtJflMYxQFbf0D2BXRoCxiSXVNXd0D44kzs%26dib_tag%3Dse%26keywords%3Dcycling%26qid%3D1747739481%26sr%3D8-76-spons%26sp_csd%3Dd2lkZ2V0TmFtZT1zcF9tdGY%26psc%3D1,https://m.media-amazon.com/images/I/91Nlo9HCyiL._AC_UY218_.jpg,₹640,₹899
"Gadget Deals USB Rechargeable Cycle Tail Light LED Waterproof Cycle Light Colors Red, Blue & White Cycle Light for Bicycle Different Modes Cycle Light Rechargeable",https://www.amazon.in/Gadget-Deals-Rechargeable-Waterproof-Different/dp/B09N1P7TVT/ref=sr_1_77?dib=eyJ2IjoiMSJ9.hfKEcjwJ70EpCyqf9uHnInPMmiGeGIgDcFMuBV0BS4GBdBkwSpcnTtcVW9HwowF_Wg-hK87SbyS8mhIDEHmweBg51Jg44PkUe1sdQu3QNLUzIxgzXrYDYT6hshm2uagq6yzD0du_1vG4razAXmUJ0iYORKKol4yaWcAYvH7WQHNWEkpzzUCJvG2EROq12MowbM5yDfT-EjPbtekZDbIsDdkIAFl474kDB59u2bpBhp4.UKDh0Z7trtJflMYxQFbf0D2BXRoCxiSXVNXd0D44kzs&dib_tag=se&keywords=cycling&qid=1747739481&sr=8-77,https://m.media-amazon.com/images/I/512eQZAe-AL._AC_UY218_.jpg,₹299,₹999
PRO365 Bicycle Speedometer/Odometer/Lightweight Multi Function Cycling Accessories (6 Month Manufacturer Warranty),https://www.amazon.in/PRO365-Speedometer-Lightweight-Accessories-Manufacturer/dp/B0CV34XD8P/ref=sr_1_78?dib=eyJ2IjoiMSJ9.hfKEcjwJ70EpCyqf9uHnInPMmiGeGIgDcFMuBV0BS4GBdBkwSpcnTtcVW9HwowF_Wg-hK87SbyS8mhIDEHmweBg51Jg44PkUe1sdQu3QNLUzIxgzXrYDYT6hshm2uagq6yzD0du_1vG4razAXmUJ0iYORKKol4yaWcAYvH7WQHNWEkpzzUCJvG2EROq12MowbM5yDfT-EjPbtekZDbIsDdkIAFl474kDB59u2bpBhp4.UKDh0Z7trtJflMYxQFbf0D2BXRoCxiSXVNXd0D44kzs&dib_tag=se&keywords=cycling&qid=1747739481&sr=8-78,https://m.media-amazon.com/images/I/61qEUN+GYCL._AC_UY218_.jpg,₹399,₹99.75
"Lifelong Trike Cycle for Kids Cycle 2-5 Years - Tricycles for Boy & Girl - Baby Cycle - Bicycle for Kids - Bike with 3 EVA Wheels, Bell & Basket -Durable Tricycle with Parental Control",https://www.amazon.in/Lifelong-Trike-Cycle-Kids-Years/dp/B0CQRCSSZ6/ref=sr_1_79?dib=eyJ2IjoiMSJ9.hfKEcjwJ70EpCyqf9uHnInPMmiGeGIgDcFMuBV0BS4GBdBkwSpcnTtcVW9HwowF_Wg-hK87SbyS8mhIDEHmweBg51Jg44PkUe1sdQu3QNLUzIxgzXrYDYT6hshm2uagq6yzD0du_1vG4razAXmUJ0iYORKKol4yaWcAYvH7WQHNWEkpzzUCJvG2EROq12MowbM5yDfT-EjPbtekZDbIsDdkIAFl474kDB59u2bpBhp4.UKDh0Z7trtJflMYxQFbf0D2BXRoCxiSXVNXd0D44kzs&dib_tag=se&keywords=cycling&qid=1747739481&sr=8-79,https://m.media-amazon.com/images/I/71mYS41qn0L._AC_UY218_.jpg,"₹1,399","₹5,999"
JoyRide Twin Trekkers Kids Tricycle with Parental Adjust Push Handle Children Seat Belt Dual Steering 2 footrest 2 Big seat Kids trikes Ride on Cycle Outdoor Toddler Bicycle for Boys & Girls (RED),https://www.amazon.in/JoyRide-Trekkers-Tricycle-Parental-Children/dp/B0F4XNC572/ref=sr_1_80?dib=eyJ2IjoiMSJ9.hfKEcjwJ70EpCyqf9uHnInPMmiGeGIgDcFMuBV0BS4GBdBkwSpcnTtcVW9HwowF_Wg-hK87SbyS8mhIDEHmweBg51Jg44PkUe1sdQu3QNLUzIxgzXrYDYT6hshm2uagq6yzD0du_1vG4razAXmUJ0iYORKKol4yaWcAYvH7WQHNWEkpzzUCJvG2EROq12MowbM5yDfT-EjPbtekZDbIsDdkIAFl474kDB59u2bpBhp4.UKDh0Z7trtJflMYxQFbf0D2BXRoCxiSXVNXd0D44kzs&dib_tag=se&keywords=cycling&qid=1747739481&sr=8-80,https://m.media-amazon.com/images/I/512giyKLiRL._AC_UY218_.jpg,"₹2,500","₹5,000"
"Strauss Bicycle Bell | Ultra-Loud Cycle Horn for Safety | Lightweight Anti-Rust Cycle Bell with Easy Flip Mechanism | Durable Quality Bell for Bikes | Cycling Accessories, (Black)",https://www.amazon.in/Strauss-Bicycle-Ultra-Loud-Lightweight-Trending/dp/B0C4FJR89J/ref=sr_1_81?dib=eyJ2IjoiMSJ9.hfKEcjwJ70EpCyqf9uHnInPMmiGeGIgDcFMuBV0BS4GBdBkwSpcnTtcVW9HwowF_Wg-hK87SbyS8mhIDEHmweBg51Jg44PkUe1sdQu3QNLUzIxgzXrYDYT6hshm2uagq6yzD0du_1vG4razAXmUJ0iYORKKol4yaWcAYvH7WQHNWEkpzzUCJvG2EROq12MowbM5yDfT-EjPbtekZDbIsDdkIAFl474kDB59u2bpBhp4.UKDh0Z7trtJflMYxQFbf0D2BXRoCxiSXVNXd0D44kzs&dib_tag=se&keywords=cycling&qid=1747739481&sr=8-81,https://m.media-amazon.com/images/I/51y66UCCUOL._AC_UY218_.jpg,₹219,₹499
"Rylan High Pressure Air Pump for Bicycle, Football, Balloon and Cycle Tyre Inflator with Needle",https://www.amazon.in/Rylan-Pump-Bicycle-Pressure-Inflation/dp/B0DDTRX6HM/ref=sr_1_83?dib=eyJ2IjoiMSJ9.hfKEcjwJ70EpCyqf9uHnInPMmiGeGIgDcFMuBV0BS4GBdBkwSpcnTtcVW9HwowF_Wg-hK87SbyS8mhIDEHmweBg51Jg44PkUe1sdQu3QNLUzIxgzXrYDYT6hshm2uagq6yzD0du_1vG4razAXmUJ0iYORKKol4yaWcAYvH7WQHNWEkpzzUCJvG2EROq12MowbM5yDfT-EjPbtekZDbIsDdkIAFl474kDB59u2bpBhp4.UKDh0Z7trtJflMYxQFbf0D2BXRoCxiSXVNXd0D44kzs&dib_tag=se&keywords=cycling&qid=1747739481&sr=8-83,https://m.media-amazon.com/images/I/51HGgI36MoL._AC_UY218_.jpg,₹369,₹999
"Cradiac Squad 21 Speed High Performance Steel Mountain Cycles for Men with Front Suspension & Dual Disc Brake 21 Geared MTB Bike 29 T | Ideal for 15+ Years, Unisex, Frame Size : 18.5 inch",https://www.amazon.in/CRADIAC-Squad-Unisex-Double-Fitted/dp/B0B9S1LHW8/ref=sr_1_84?dib=eyJ2IjoiMSJ9.hfKEcjwJ70EpCyqf9uHnInPMmiGeGIgDcFMuBV0BS4GBdBkwSpcnTtcVW9HwowF_Wg-hK87SbyS8mhIDEHmweBg51Jg44PkUe1sdQu3QNLUzIxgzXrYDYT6hshm2uagq6yzD0du_1vG4razAXmUJ0iYORKKol4yaWcAYvH7WQHNWEkpzzUCJvG2EROq12MowbM5yDfT-EjPbtekZDbIsDdkIAFl474kDB59u2bpBhp4.UKDh0Z7trtJflMYxQFbf0D2BXRoCxiSXVNXd0D44kzs&dib_tag=se&keywords=cycling&qid=1747739481&sr=8-84,https://m.media-amazon.com/images/I/61HwbRjmhnL._AC_UY218_.jpg,"₹12,199","₹26,999"
Lifelong LLSBB49 Fit Pro Spin Fitness Bike with 7Kg Flywheel - Upright Stationary Exercise Bike (White),https://www.amazon.in/sspa/click?ie=UTF8&spc=MTo4NjI5NTE2NTc3NzgxODA6MTc0NzczOTQ4MTpzcF9idGY6MzAwNDE1MDU0MDEwNTMyOjowOjo&url=%2FLifelong-Flywheel-Adjustable-Resistance-Workouts%2Fdp%2FB0C6M4HD5S%2Fref%3Dsr_1_85_sspa%3Fdib%3DeyJ2IjoiMSJ9.hfKEcjwJ70EpCyqf9uHnInPMmiGeGIgDcFMuBV0BS4GBdBkwSpcnTtcVW9HwowF_Wg-hK87SbyS8mhIDEHmweBg51Jg44PkUe1sdQu3QNLUzIxgzXrYDYT6hshm2uagq6yzD0du_1vG4razAXmUJ0iYORKKol4yaWcAYvH7WQHNWEkpzzUCJvG2EROq12MowbM5yDfT-EjPbtekZDbIsDdkIAFl474kDB59u2bpBhp4.UKDh0Z7trtJflMYxQFbf0D2BXRoCxiSXVNXd0D44kzs%26dib_tag%3Dse%26keywords%3Dcycling%26qid%3D1747739481%26sr%3D8-85-spons%26sp_csd%3Dd2lkZ2V0TmFtZT1zcF9idGY%26psc%3D1,https://m.media-amazon.com/images/I/710CxiHmAiL._AC_UY218_.jpg,"₹8,399","₹25,999"
"BIONFIT Exercise Bike for Home Gym Fitness | Spin Bike with Adjustable Resistance, Max weight: 100 kg | Exercise Cycle with 2 Years Warranty | Get Free Brand Installation-Contact Brand Customer Care",https://www.amazon.in/sspa/click?ie=UTF8&spc=MTo4NjI5NTE2NTc3NzgxODA6MTc0NzczOTQ4MTpzcF9idGY6MzAwNTUwNjg3NjE3ODMyOjowOjo&url=%2FBIONFIT-Exercise-Fitness-Adjustable-Resistance%2Fdp%2FB0DRD7J6ZK%2Fref%3Dsr_1_86_sspa%3Fdib%3DeyJ2IjoiMSJ9.hfKEcjwJ70EpCyqf9uHnInPMmiGeGIgDcFMuBV0BS4GBdBkwSpcnTtcVW9HwowF_Wg-hK87SbyS8mhIDEHmweBg51Jg44PkUe1sdQu3QNLUzIxgzXrYDYT6hshm2uagq6yzD0du_1vG4razAXmUJ0iYORKKol4yaWcAYvH7WQHNWEkpzzUCJvG2EROq12MowbM5yDfT-EjPbtekZDbIsDdkIAFl474kDB59u2bpBhp4.UKDh0Z7trtJflMYxQFbf0D2BXRoCxiSXVNXd0D44kzs%26dib_tag%3Dse%26keywords%3Dcycling%26qid%3D1747739481%26sr%3D8-86-spons%26sp_csd%3Dd2lkZ2V0TmFtZT1zcF9idGY%26psc%3D1,https://m.media-amazon.com/images/I/71Ur3JxgcsL._AC_UY218_.jpg,"₹7,874","₹26,449"
