Product Name,Product Link,Image URL,Price,Original Price,Discount
"Tecno POP 9 5G Aurora Cloud, 4GB+64GB| Segment's 1st 48MP Sony AI Camera| Segment's 1st 5G with NFC | D6300 5G Processor |4+ Year Lag Free Fluency |5000 mAh Battery |Dual Speaker |Without Charger",https://www.amazon.in/sspa/click?ie=UTF8&spc=MTo0NDk2MzkxNzYxNDM5NDc2OjE3NDc3MzQxNjQ6c3BfYXRmOjMwMDM0MTM2NTk1MzMzMjo6MDo6&url=%2FTecno-Segments-Processor-Fluency-Battery%2Fdp%2FB0DGMFVQ8Q%2Fref%3Dsr_1_1_sspa%3Fdib%3DeyJ2IjoiMSJ9.9g58Z72QJZcziyxa6FOSJY7wfxqbGe5mVsjrQDRdjNzrH0nZWXdOBZ3RQ6LLuvWILAlt2WxV0DedRTrQrnk-RUFgMqcD-7WvFoqI_ngrcaz237qWiqPRCLhGUG0uHL3gP4ezuwWzK3gvTAyBPqBWqOHyLOqWWjiowa8znFdNEia57dMGziiLxPyspkpeRfRf2L4Da0b7VShMnPi6d6QbnosAkTARyHQ36gacPCqibU0.iJ53dDIfbdixN5tF8yvvVKfKlVVhEkrtq9bD9KnWvLg%26dib_tag%3Dse%26keywords%3Dpoco%26nsdOptOutParam%3Dtrue%26qid%3D1747734164%26sr%3D8-1-spons%26sp_csd%3Dd2lkZ2V0TmFtZT1zcF9hdGY%26psc%3D1,https://m.media-amazon.com/images/I/61slka5EkAL._AC_UY218_.jpg,"₹7,499","₹11,999",
"POCO C75 5G, Aqua Bliss (4GB, 64GB)",https://www.amazon.in/POCO-C75-Aqua-Bliss-64GB/dp/B0DRKNZFT2/ref=sr_1_2?dib=eyJ2IjoiMSJ9.9g58Z72QJZcziyxa6FOSJY7wfxqbGe5mVsjrQDRdjNzrH0nZWXdOBZ3RQ6LLuvWILAlt2WxV0DedRTrQrnk-RUFgMqcD-7WvFoqI_ngrcaz237qWiqPRCLhGUG0uHL3gP4ezuwWzK3gvTAyBPqBWqOHyLOqWWjiowa8znFdNEia57dMGziiLxPyspkpeRfRf2L4Da0b7VShMnPi6d6QbnosAkTARyHQ36gacPCqibU0.iJ53dDIfbdixN5tF8yvvVKfKlVVhEkrtq9bD9KnWvLg&dib_tag=se&keywords=poco&nsdOptOutParam=true&qid=1747734164&sr=8-2,https://m.media-amazon.com/images/I/61DnXnpjn1L._AC_UY218_.jpg,"₹8,299","₹10,999",
"POCO C71, Desert Gold (6GB, 128GB)",https://www.amazon.in/POCO-C71-Desert-Gold-128GB/dp/B0F53RRM5B/ref=sr_1_3?dib=eyJ2IjoiMSJ9.9g58Z72QJZcziyxa6FOSJY7wfxqbGe5mVsjrQDRdjNzrH0nZWXdOBZ3RQ6LLuvWILAlt2WxV0DedRTrQrnk-RUFgMqcD-7WvFoqI_ngrcaz237qWiqPRCLhGUG0uHL3gP4ezuwWzK3gvTAyBPqBWqOHyLOqWWjiowa8znFdNEia57dMGziiLxPyspkpeRfRf2L4Da0b7VShMnPi6d6QbnosAkTARyHQ36gacPCqibU0.iJ53dDIfbdixN5tF8yvvVKfKlVVhEkrtq9bD9KnWvLg&dib_tag=se&keywords=poco&nsdOptOutParam=true&qid=1747734164&sr=8-3,https://m.media-amazon.com/images/I/610frsvhyBL._AC_UY218_.jpg,"₹7,600","₹9,999",
"POCO M7 5G, Satin Black (6GB, 128GB)",https://www.amazon.in/POCO-Satin-Black-6GB-128GB/dp/B0F134C6R6/ref=sr_1_4?dib=eyJ2IjoiMSJ9.9g58Z72QJZcziyxa6FOSJY7wfxqbGe5mVsjrQDRdjNzrH0nZWXdOBZ3RQ6LLuvWILAlt2WxV0DedRTrQrnk-RUFgMqcD-7WvFoqI_ngrcaz237qWiqPRCLhGUG0uHL3gP4ezuwWzK3gvTAyBPqBWqOHyLOqWWjiowa8znFdNEia57dMGziiLxPyspkpeRfRf2L4Da0b7VShMnPi6d6QbnosAkTARyHQ36gacPCqibU0.iJ53dDIfbdixN5tF8yvvVKfKlVVhEkrtq9bD9KnWvLg&dib_tag=se&keywords=poco&nsdOptOutParam=true&qid=1747734164&sr=8-4,https://m.media-amazon.com/images/I/71EfJ+H1uRL._AC_UY218_.jpg,"₹9,499","₹12,999",
POCO M6 Plus 5G Graphite Black 8GB RAM 128GB ROM,https://www.amazon.in/POCO-Plus-Graphite-Black-128GB/dp/B0D9KHQ4M1/ref=sr_1_5?dib=eyJ2IjoiMSJ9.9g58Z72QJZcziyxa6FOSJY7wfxqbGe5mVsjrQDRdjNzrH0nZWXdOBZ3RQ6LLuvWILAlt2WxV0DedRTrQrnk-RUFgMqcD-7WvFoqI_ngrcaz237qWiqPRCLhGUG0uHL3gP4ezuwWzK3gvTAyBPqBWqOHyLOqWWjiowa8znFdNEia57dMGziiLxPyspkpeRfRf2L4Da0b7VShMnPi6d6QbnosAkTARyHQ36gacPCqibU0.iJ53dDIfbdixN5tF8yvvVKfKlVVhEkrtq9bD9KnWvLg&dib_tag=se&keywords=poco&nsdOptOutParam=true&qid=1747734164&sr=8-5,https://m.media-amazon.com/images/I/71tsuJCkV+L._AC_UY218_.jpg,"₹11,299","₹14,499",
"POCO M7 5G, Ocean Blue (6GB, 128GB)",https://www.amazon.in/POCO-Ocean-Blue-6GB-128GB/dp/B0F135PGDX/ref=sr_1_6?dib=eyJ2IjoiMSJ9.9g58Z72QJZcziyxa6FOSJY7wfxqbGe5mVsjrQDRdjNzrH0nZWXdOBZ3RQ6LLuvWILAlt2WxV0DedRTrQrnk-RUFgMqcD-7WvFoqI_ngrcaz237qWiqPRCLhGUG0uHL3gP4ezuwWzK3gvTAyBPqBWqOHyLOqWWjiowa8znFdNEia57dMGziiLxPyspkpeRfRf2L4Da0b7VShMnPi6d6QbnosAkTARyHQ36gacPCqibU0.iJ53dDIfbdixN5tF8yvvVKfKlVVhEkrtq9bD9KnWvLg&dib_tag=se&keywords=poco&nsdOptOutParam=true&qid=1747734164&sr=8-6,https://m.media-amazon.com/images/I/418EYFlH0xL._AC_UY218_.jpg,"₹9,499","₹12,999",
"POCO M7 5G Mint Green 6GB RAM|128GB ROM|SD4 Gen2 Processor|6.88"" HD+ Display|50MP Camera|8MP Front Camera|5160 mAh Battery",https://www.amazon.in/POCO-Processor-Display-Camera-Battery/dp/B0F5Q2F8G2/ref=sr_1_7?dib=eyJ2IjoiMSJ9.9g58Z72QJZcziyxa6FOSJY7wfxqbGe5mVsjrQDRdjNzrH0nZWXdOBZ3RQ6LLuvWILAlt2WxV0DedRTrQrnk-RUFgMqcD-7WvFoqI_ngrcaz237qWiqPRCLhGUG0uHL3gP4ezuwWzK3gvTAyBPqBWqOHyLOqWWjiowa8znFdNEia57dMGziiLxPyspkpeRfRf2L4Da0b7VShMnPi6d6QbnosAkTARyHQ36gacPCqibU0.iJ53dDIfbdixN5tF8yvvVKfKlVVhEkrtq9bD9KnWvLg&dib_tag=se&keywords=poco&nsdOptOutParam=true&qid=1747734164&sr=8-7,https://m.media-amazon.com/images/I/71-SNlX7V3L._AC_UY218_.jpg,"₹9,499","₹12,999",
"POCO C71, Cool Blue (6GB, 128GB)",https://www.amazon.in/POCO-C71-Cool-Blue-128GB/dp/B0F53SH9LJ/ref=sr_1_8?dib=eyJ2IjoiMSJ9.9g58Z72QJZcziyxa6FOSJY7wfxqbGe5mVsjrQDRdjNzrH0nZWXdOBZ3RQ6LLuvWILAlt2WxV0DedRTrQrnk-RUFgMqcD-7WvFoqI_ngrcaz237qWiqPRCLhGUG0uHL3gP4ezuwWzK3gvTAyBPqBWqOHyLOqWWjiowa8znFdNEia57dMGziiLxPyspkpeRfRf2L4Da0b7VShMnPi6d6QbnosAkTARyHQ36gacPCqibU0.iJ53dDIfbdixN5tF8yvvVKfKlVVhEkrtq9bD9KnWvLg&dib_tag=se&keywords=poco&nsdOptOutParam=true&qid=1747734164&sr=8-8,https://m.media-amazon.com/images/I/51FgDipEA3L._AC_UY218_.jpg,"₹7,698","₹9,999",
"POCO C71, Cool Blue (4GB, 64GB)",https://www.amazon.in/POCO-C71-Cool-Blue-64GB/dp/B0F3XB7T5Q/ref=sr_1_9?dib=eyJ2IjoiMSJ9.9g58Z72QJZcziyxa6FOSJY7wfxqbGe5mVsjrQDRdjNzrH0nZWXdOBZ3RQ6LLuvWILAlt2WxV0DedRTrQrnk-RUFgMqcD-7WvFoqI_ngrcaz237qWiqPRCLhGUG0uHL3gP4ezuwWzK3gvTAyBPqBWqOHyLOqWWjiowa8znFdNEia57dMGziiLxPyspkpeRfRf2L4Da0b7VShMnPi6d6QbnosAkTARyHQ36gacPCqibU0.iJ53dDIfbdixN5tF8yvvVKfKlVVhEkrtq9bD9KnWvLg&dib_tag=se&keywords=poco&nsdOptOutParam=true&qid=1747734164&sr=8-9,https://m.media-amazon.com/images/I/51HxVAuLvtL._AC_UY218_.jpg,"₹6,744","₹8,999",
"POCO C71, Power Black (4GB, 64GB)",https://www.amazon.in/POCO-C71-Power-Black-64GB/dp/B0F3XP9GRT/ref=sr_1_10?dib=eyJ2IjoiMSJ9.9g58Z72QJZcziyxa6FOSJY7wfxqbGe5mVsjrQDRdjNzrH0nZWXdOBZ3RQ6LLuvWILAlt2WxV0DedRTrQrnk-RUFgMqcD-7WvFoqI_ngrcaz237qWiqPRCLhGUG0uHL3gP4ezuwWzK3gvTAyBPqBWqOHyLOqWWjiowa8znFdNEia57dMGziiLxPyspkpeRfRf2L4Da0b7VShMnPi6d6QbnosAkTARyHQ36gacPCqibU0.iJ53dDIfbdixN5tF8yvvVKfKlVVhEkrtq9bD9KnWvLg&dib_tag=se&keywords=poco&nsdOptOutParam=true&qid=1747734164&sr=8-10,https://m.media-amazon.com/images/I/418KcvqZKCL._AC_UY218_.jpg,"₹6,999","₹8,999",
"Spigen Essential Sand Blast for Xiaomi Poco X5 5G/Redmi Note 12 5G Case, Poco X5 5G/Redmi Note 12 5G Back Cover - Matte Black",https://www.amazon.in/sspa/click?ie=UTF8&spc=MTo0NDk2MzkxNzYxNDM5NDc2OjE3NDc3MzQxNjQ6c3BfbXRmOjMwMDQyMjA1NTAxNTczMjo6MDo6&url=%2FSpigen-Essential-Blast-Cover-Compatible%2Fdp%2FB0BRX7RWMB%2Fref%3Dsr_1_11_sspa%3Fdib%3DeyJ2IjoiMSJ9.9g58Z72QJZcziyxa6FOSJY7wfxqbGe5mVsjrQDRdjNzrH0nZWXdOBZ3RQ6LLuvWILAlt2WxV0DedRTrQrnk-RUFgMqcD-7WvFoqI_ngrcaz237qWiqPRCLhGUG0uHL3gP4ezuwWzK3gvTAyBPqBWqOHyLOqWWjiowa8znFdNEia57dMGziiLxPyspkpeRfRf2L4Da0b7VShMnPi6d6QbnosAkTARyHQ36gacPCqibU0.iJ53dDIfbdixN5tF8yvvVKfKlVVhEkrtq9bD9KnWvLg%26dib_tag%3Dse%26keywords%3Dpoco%26nsdOptOutParam%3Dtrue%26qid%3D1747734164%26sr%3D8-11-spons%26sp_csd%3Dd2lkZ2V0TmFtZT1zcF9tdGY%26psc%3D1,https://m.media-amazon.com/images/I/81Ouwc5NkJL._AC_UY218_.jpg,₹599,₹799,"Buy 2 items, get 3% off"
"Fire-Boltt 4G Pro Volte Calling Smart Watch- 2.02” TFT Display, 4G Nano-SIM GPS, Health Suite, Sports Modes, 400mAh Battery (Black)",https://www.amazon.in/sspa/click?ie=UTF8&spc=MTo0NDk2MzkxNzYxNDM5NDc2OjE3NDc3MzQxNjQ6c3BfbXRmOjMwMDE4ODc5NDQ5MjQzMjo6MDo6&url=%2FFire-Boltt-Calling-Display-Nano-SIM-Battery%2Fdp%2FB0CXXDG3LS%2Fref%3Dsr_1_12_sspa%3Fdib%3DeyJ2IjoiMSJ9.9g58Z72QJZcziyxa6FOSJY7wfxqbGe5mVsjrQDRdjNzrH0nZWXdOBZ3RQ6LLuvWILAlt2WxV0DedRTrQrnk-RUFgMqcD-7WvFoqI_ngrcaz237qWiqPRCLhGUG0uHL3gP4ezuwWzK3gvTAyBPqBWqOHyLOqWWjiowa8znFdNEia57dMGziiLxPyspkpeRfRf2L4Da0b7VShMnPi6d6QbnosAkTARyHQ36gacPCqibU0.iJ53dDIfbdixN5tF8yvvVKfKlVVhEkrtq9bD9KnWvLg%26dib_tag%3Dse%26keywords%3Dpoco%26nsdOptOutParam%3Dtrue%26qid%3D1747734164%26sr%3D8-12-spons%26sp_csd%3Dd2lkZ2V0TmFtZT1zcF9tdGY%26psc%3D1,https://m.media-amazon.com/images/I/71aJJQtVnoL._AC_UY218_.jpg,"₹1,949","₹19,999",
"POCO X7 Pro 5G (Obsidian Black, 256 GB) (8 GB RAM)",https://www.amazon.in/POCO-Pro-Obsidian-Black-256/dp/B0DT9S4SLT/ref=sr_1_13?dib=eyJ2IjoiMSJ9.9g58Z72QJZcziyxa6FOSJY7wfxqbGe5mVsjrQDRdjNzrH0nZWXdOBZ3RQ6LLuvWILAlt2WxV0DedRTrQrnk-RUFgMqcD-7WvFoqI_ngrcaz237qWiqPRCLhGUG0uHL3gP4ezuwWzK3gvTAyBPqBWqOHyLOqWWjiowa8znFdNEia57dMGziiLxPyspkpeRfRf2L4Da0b7VShMnPi6d6QbnosAkTARyHQ36gacPCqibU0.iJ53dDIfbdixN5tF8yvvVKfKlVVhEkrtq9bD9KnWvLg&dib_tag=se&keywords=poco&nsdOptOutParam=true&qid=1747734164&sr=8-13,https://m.media-amazon.com/images/I/51UjEsMVDuL._AC_UY218_.jpg,"₹24,999","₹31,999",
POCO X6 Pro 5G (POCO Yellow 8GB RAM 256GB Storage),https://www.amazon.in/POCO-Pro-Yellow-256GB-Storage/dp/B0CSDQY4X7/ref=sr_1_14?dib=eyJ2IjoiMSJ9.9g58Z72QJZcziyxa6FOSJY7wfxqbGe5mVsjrQDRdjNzrH0nZWXdOBZ3RQ6LLuvWILAlt2WxV0DedRTrQrnk-RUFgMqcD-7WvFoqI_ngrcaz237qWiqPRCLhGUG0uHL3gP4ezuwWzK3gvTAyBPqBWqOHyLOqWWjiowa8znFdNEia57dMGziiLxPyspkpeRfRf2L4Da0b7VShMnPi6d6QbnosAkTARyHQ36gacPCqibU0.iJ53dDIfbdixN5tF8yvvVKfKlVVhEkrtq9bD9KnWvLg&dib_tag=se&keywords=poco&nsdOptOutParam=true&qid=1747734164&sr=8-14,https://m.media-amazon.com/images/I/61MOQVWuJaL._AC_UY218_.jpg,"₹19,501","₹30,999",
"POCO C75 5G, Silver Stardust (4GB, 64GB)",https://www.amazon.in/POCO-C75-Silver-Stardust-64GB/dp/B0DRKL9FQH/ref=sr_1_15?dib=eyJ2IjoiMSJ9.9g58Z72QJZcziyxa6FOSJY7wfxqbGe5mVsjrQDRdjNzrH0nZWXdOBZ3RQ6LLuvWILAlt2WxV0DedRTrQrnk-RUFgMqcD-7WvFoqI_ngrcaz237qWiqPRCLhGUG0uHL3gP4ezuwWzK3gvTAyBPqBWqOHyLOqWWjiowa8znFdNEia57dMGziiLxPyspkpeRfRf2L4Da0b7VShMnPi6d6QbnosAkTARyHQ36gacPCqibU0.iJ53dDIfbdixN5tF8yvvVKfKlVVhEkrtq9bD9KnWvLg&dib_tag=se&keywords=poco&nsdOptOutParam=true&qid=1747734164&sr=8-15,https://m.media-amazon.com/images/I/61+i423decL._AC_UY218_.jpg,"₹8,199","₹10,999",
"POCO C75 5G, Enchanted Green (4GB, 64GB)",https://www.amazon.in/POCO-C75-5G-Enchanted-Green/dp/B0DRKM9R41/ref=sr_1_16?dib=eyJ2IjoiMSJ9.9g58Z72QJZcziyxa6FOSJY7wfxqbGe5mVsjrQDRdjNzrH0nZWXdOBZ3RQ6LLuvWILAlt2WxV0DedRTrQrnk-RUFgMqcD-7WvFoqI_ngrcaz237qWiqPRCLhGUG0uHL3gP4ezuwWzK3gvTAyBPqBWqOHyLOqWWjiowa8znFdNEia57dMGziiLxPyspkpeRfRf2L4Da0b7VShMnPi6d6QbnosAkTARyHQ36gacPCqibU0.iJ53dDIfbdixN5tF8yvvVKfKlVVhEkrtq9bD9KnWvLg&dib_tag=se&keywords=poco&nsdOptOutParam=true&qid=1747734164&sr=8-16,https://m.media-amazon.com/images/I/61HGhIw9m2L._AC_UY218_.jpg,"₹8,295","₹10,999",
POCO M6 Plus 5G Ice Silver 8GB RAM 128GB ROM,https://www.amazon.in/POCO-Plus-Ice-Silver-128GB/dp/B0D9KKXJSY/ref=sr_1_17?dib=eyJ2IjoiMSJ9.9g58Z72QJZcziyxa6FOSJY7wfxqbGe5mVsjrQDRdjNzrH0nZWXdOBZ3RQ6LLuvWILAlt2WxV0DedRTrQrnk-RUFgMqcD-7WvFoqI_ngrcaz237qWiqPRCLhGUG0uHL3gP4ezuwWzK3gvTAyBPqBWqOHyLOqWWjiowa8znFdNEia57dMGziiLxPyspkpeRfRf2L4Da0b7VShMnPi6d6QbnosAkTARyHQ36gacPCqibU0.iJ53dDIfbdixN5tF8yvvVKfKlVVhEkrtq9bD9KnWvLg&dib_tag=se&keywords=poco&nsdOptOutParam=true&qid=1747734164&sr=8-17,https://m.media-amazon.com/images/I/71omFutVjLL._AC_UY218_.jpg,"₹11,298","₹14,499",
POCO C61 Ethereal Blue 4GB RAM 64GB ROM,https://www.amazon.in/POCO-C61-Ethereal-Blue-64GB/dp/B0CYBLHZPW/ref=sr_1_18?dib=eyJ2IjoiMSJ9.9g58Z72QJZcziyxa6FOSJY7wfxqbGe5mVsjrQDRdjNzrH0nZWXdOBZ3RQ6LLuvWILAlt2WxV0DedRTrQrnk-RUFgMqcD-7WvFoqI_ngrcaz237qWiqPRCLhGUG0uHL3gP4ezuwWzK3gvTAyBPqBWqOHyLOqWWjiowa8znFdNEia57dMGziiLxPyspkpeRfRf2L4Da0b7VShMnPi6d6QbnosAkTARyHQ36gacPCqibU0.iJ53dDIfbdixN5tF8yvvVKfKlVVhEkrtq9bD9KnWvLg&dib_tag=se&keywords=poco&nsdOptOutParam=true&qid=1747734164&sr=8-18,https://m.media-amazon.com/images/I/712tqhtIw1L._AC_UY218_.jpg,"₹7,499","₹8,999",
"POCO C71, Power Black (6GB, 128GB)",https://www.amazon.in/POCO-C71-Power-Black-128GB/dp/B0F53YXN58/ref=sr_1_19?dib=eyJ2IjoiMSJ9.9g58Z72QJZcziyxa6FOSJY7wfxqbGe5mVsjrQDRdjNzrH0nZWXdOBZ3RQ6LLuvWILAlt2WxV0DedRTrQrnk-RUFgMqcD-7WvFoqI_ngrcaz237qWiqPRCLhGUG0uHL3gP4ezuwWzK3gvTAyBPqBWqOHyLOqWWjiowa8znFdNEia57dMGziiLxPyspkpeRfRf2L4Da0b7VShMnPi6d6QbnosAkTARyHQ36gacPCqibU0.iJ53dDIfbdixN5tF8yvvVKfKlVVhEkrtq9bD9KnWvLg&dib_tag=se&keywords=poco&nsdOptOutParam=true&qid=1747734164&sr=8-19,https://m.media-amazon.com/images/I/41fAchzBPtL._AC_UY218_.jpg,"₹7,572","₹9,999",
"Spigen Rugged Armor for Xiaomi Poco X6 5G/Redmi Note 13 Pro 5G Case, Poco X6 5G/Redmi Note 13 Pro 5G Back Cover - Matte Black",https://www.amazon.in/sspa/click?ie=UTF8&spc=MTo0NDk2MzkxNzYxNDM5NDc2OjE3NDc3MzQxNjQ6c3BfYnRmOjMwMDQxMTY1OTc0ODQzMjo6MDo6&url=%2FSpigen-Rugged-Armor-Cover-Compatible%2Fdp%2FB0CLT84DMC%2Fref%3Dsr_1_20_sspa%3Fdib%3DeyJ2IjoiMSJ9.9g58Z72QJZcziyxa6FOSJY7wfxqbGe5mVsjrQDRdjNzrH0nZWXdOBZ3RQ6LLuvWILAlt2WxV0DedRTrQrnk-RUFgMqcD-7WvFoqI_ngrcaz237qWiqPRCLhGUG0uHL3gP4ezuwWzK3gvTAyBPqBWqOHyLOqWWjiowa8znFdNEia57dMGziiLxPyspkpeRfRf2L4Da0b7VShMnPi6d6QbnosAkTARyHQ36gacPCqibU0.iJ53dDIfbdixN5tF8yvvVKfKlVVhEkrtq9bD9KnWvLg%26dib_tag%3Dse%26keywords%3Dpoco%26nsdOptOutParam%3Dtrue%26qid%3D1747734164%26sr%3D8-20-spons%26sp_csd%3Dd2lkZ2V0TmFtZT1zcF9idGY%26psc%3D1,https://m.media-amazon.com/images/I/61TV0UPhX+L._AC_UY218_.jpg,₹899,"₹1,499","Buy 2 items, get 3% off"
"Spigen Rugged Armor for Xiaomi Poco F4/Redmi K40S Case, Poco F4/Redmi K40S Back Cover - Matte Black",https://www.amazon.in/sspa/click?ie=UTF8&spc=MTo0NDk2MzkxNzYxNDM5NDc2OjE3NDc3MzQxNjQ6c3BfYnRmOjMwMDQyMjA1NTAxNjAzMjo6MDo6&url=%2FSpigen-Rugged-Armor-Cover-Compatible%2Fdp%2FB09T7TSR8R%2Fref%3Dsr_1_21_sspa%3Fdib%3DeyJ2IjoiMSJ9.9g58Z72QJZcziyxa6FOSJY7wfxqbGe5mVsjrQDRdjNzrH0nZWXdOBZ3RQ6LLuvWILAlt2WxV0DedRTrQrnk-RUFgMqcD-7WvFoqI_ngrcaz237qWiqPRCLhGUG0uHL3gP4ezuwWzK3gvTAyBPqBWqOHyLOqWWjiowa8znFdNEia57dMGziiLxPyspkpeRfRf2L4Da0b7VShMnPi6d6QbnosAkTARyHQ36gacPCqibU0.iJ53dDIfbdixN5tF8yvvVKfKlVVhEkrtq9bD9KnWvLg%26dib_tag%3Dse%26keywords%3Dpoco%26nsdOptOutParam%3Dtrue%26qid%3D1747734164%26sr%3D8-21-spons%26sp_csd%3Dd2lkZ2V0TmFtZT1zcF9idGY%26psc%3D1,https://m.media-amazon.com/images/I/61r7bCj+EEL._AC_UY218_.jpg,₹899,"₹1,499","Buy 2 items, get 3% off"
"Spigen Essential Sand Blast for Xiaomi Redmi Note 11T 5G/Note 11s/Poco M4 Pro 5G Case, Redmi Note 11T 5G/Note 11s/Poco M4 Pro 5G Back Cover - Matte Black",https://www.amazon.in/sspa/click?ie=UTF8&spc=MTo0NDk2MzkxNzYxNDM5NDc2OjE3NDc3MzQxNjQ6c3BfYnRmOjMwMDQyODU3MTQ2MTkzMjo6MDo6&url=%2FSpigen-Essential-Blast-Cover-Compatible%2Fdp%2FB0BYS77DX9%2Fref%3Dsr_1_22_sspa%3Fdib%3DeyJ2IjoiMSJ9.9g58Z72QJZcziyxa6FOSJY7wfxqbGe5mVsjrQDRdjNzrH0nZWXdOBZ3RQ6LLuvWILAlt2WxV0DedRTrQrnk-RUFgMqcD-7WvFoqI_ngrcaz237qWiqPRCLhGUG0uHL3gP4ezuwWzK3gvTAyBPqBWqOHyLOqWWjiowa8znFdNEia57dMGziiLxPyspkpeRfRf2L4Da0b7VShMnPi6d6QbnosAkTARyHQ36gacPCqibU0.iJ53dDIfbdixN5tF8yvvVKfKlVVhEkrtq9bD9KnWvLg%26dib_tag%3Dse%26keywords%3Dpoco%26nsdOptOutParam%3Dtrue%26qid%3D1747734164%26sr%3D8-22-spons%26sp_csd%3Dd2lkZ2V0TmFtZT1zcF9idGY%26psc%3D1,https://m.media-amazon.com/images/I/71u6bjRYu6L._AC_UY218_.jpg,₹400,₹799,"Buy 2 items, get 3% off"
"Zapcase Back Case Cover for Mi Redmi K30 / Poco X2 (TPU, Polycarbonate_Matte Black)",https://www.amazon.in/sspa/click?ie=UTF8&spc=MToxNjY4MDIxODIwNDU2MjYxOjE3NDc3MzQxNjk6c3BfYXRmX25leHQ6MzAwNTE0NTIyMDU4MzMyOjowOjo&url=%2FZapcase-Cover-Compatible-Camera-Protection%2Fdp%2FB0BJF9B721%2Fref%3Dsr_1_17_sspa%3Fdib%3DeyJ2IjoiMSJ9.UhqHC6pWkN4tIrW_OOIAyeBrwtMvh2StsH1TMWsIa9zsgyTwo2EdMHgEWW6vdU_N88IOXRAkMh0IrL5ew7ffJVd9KYgAEiTc6QL_5WoibDxOZnca8Ox-28ysS3I_BxR8bJOLPqYGFLsabQHW7e8GI-hI4hgTzhNPb7gKYhqoKbW3X5xqKNBwFwdiw-_LpW7xTNWbGjEl8Rc7MbnA3dGTRNjzZz0yndwCXuUOW7auqyk.NiSkzQO1R0QLB4JFXM6PmUFDl135GLJU7vYXk04Hgxk%26dib_tag%3Dse%26keywords%3Dpoco%26nsdOptOutParam%3Dtrue%26qid%3D1747734169%26sr%3D8-17-spons%26sp_csd%3Dd2lkZ2V0TmFtZT1zcF9hdGZfbmV4dA%26psc%3D1,https://m.media-amazon.com/images/I/71QZYt2HdYL._AC_UY218_.jpg,₹169,₹399,
"Tecno POP 9 5G Aurora Cloud, 4GB+64GB| Segment's 1st 48MP Sony AI Camera| Segment's 1st 5G with NFC | D6300 5G Processor |4+ Year Lag Free Fluency |5000 mAh Battery |Dual Speaker |Without Charger",https://www.amazon.in/sspa/click?ie=UTF8&spc=MToxNjY4MDIxODIwNDU2MjYxOjE3NDc3MzQxNjk6c3BfYXRmX25leHQ6MzAwMzQxMzY1OTUzMzMyOjowOjo&url=%2FTecno-Segments-Processor-Fluency-Battery%2Fdp%2FB0DGMFVQ8Q%2Fref%3Dsr_1_18_sspa%3Fdib%3DeyJ2IjoiMSJ9.UhqHC6pWkN4tIrW_OOIAyeBrwtMvh2StsH1TMWsIa9zsgyTwo2EdMHgEWW6vdU_N88IOXRAkMh0IrL5ew7ffJVd9KYgAEiTc6QL_5WoibDxOZnca8Ox-28ysS3I_BxR8bJOLPqYGFLsabQHW7e8GI-hI4hgTzhNPb7gKYhqoKbW3X5xqKNBwFwdiw-_LpW7xTNWbGjEl8Rc7MbnA3dGTRNjzZz0yndwCXuUOW7auqyk.NiSkzQO1R0QLB4JFXM6PmUFDl135GLJU7vYXk04Hgxk%26dib_tag%3Dse%26keywords%3Dpoco%26nsdOptOutParam%3Dtrue%26qid%3D1747734169%26sr%3D8-18-spons%26sp_csd%3Dd2lkZ2V0TmFtZT1zcF9hdGZfbmV4dA%26psc%3D1,https://m.media-amazon.com/images/I/61slka5EkAL._AC_UY218_.jpg,"₹7,499","₹11,999",
"POCO X6 Neo 5G (Astral Black, 8GB RAM, 128GB Storage) | Dimensity 6080 Processor | 5000 mAh Battery + 33W Fast Charging | 108MP + 2MP Rear Camera & 16MP Front Camera",https://www.amazon.in/POCO-Storage-Dimensity-Processor-Charging/dp/B0CY9C2KPS/ref=sr_1_19?dib=eyJ2IjoiMSJ9.UhqHC6pWkN4tIrW_OOIAyeBrwtMvh2StsH1TMWsIa9zsgyTwo2EdMHgEWW6vdU_N88IOXRAkMh0IrL5ew7ffJVd9KYgAEiTc6QL_5WoibDxOZnca8Ox-28ysS3I_BxR8bJOLPqYGFLsabQHW7e8GI-hI4hgTzhNPb7gKYhqoKbW3X5xqKNBwFwdiw-_LpW7xTNWbGjEl8Rc7MbnA3dGTRNjzZz0yndwCXuUOW7auqyk.NiSkzQO1R0QLB4JFXM6PmUFDl135GLJU7vYXk04Hgxk&dib_tag=se&keywords=poco&nsdOptOutParam=true&qid=1747734169&sr=8-19,https://m.media-amazon.com/images/I/61Ml1nEENhL._AC_UY218_.jpg,"₹14,999","₹21,999",
"POCO M6 5G (Polaris Green,4GB RAM, 128GB Storage) | MediaTek Dimensity 6100+ 5G Processor | 5000 mAh Battery + 18W Fast Charging | 50 MP AI Dual-Camera System| Airtel Locked",https://www.amazon.in/POCO-MediaTek-Dimensity-Processor-Dual-Camera/dp/B0DR2X5DP4/ref=sr_1_20?dib=eyJ2IjoiMSJ9.UhqHC6pWkN4tIrW_OOIAyeBrwtMvh2StsH1TMWsIa9zsgyTwo2EdMHgEWW6vdU_N88IOXRAkMh0IrL5ew7ffJVd9KYgAEiTc6QL_5WoibDxOZnca8Ox-28ysS3I_BxR8bJOLPqYGFLsabQHW7e8GI-hI4hgTzhNPb7gKYhqoKbW3X5xqKNBwFwdiw-_LpW7xTNWbGjEl8Rc7MbnA3dGTRNjzZz0yndwCXuUOW7auqyk.NiSkzQO1R0QLB4JFXM6PmUFDl135GLJU7vYXk04Hgxk&dib_tag=se&keywords=poco&nsdOptOutParam=true&qid=1747734169&sr=8-20,https://m.media-amazon.com/images/I/712QmUwFUjL._AC_UY218_.jpg,"₹8,750","₹12,999",
"POCO M7 5G Satin Black 8GB RAM|128GB ROM|SD4 Gen2 Processor|6.88"" HD+ Display|50MP Camera|8MP Front Camera|5160 mAh Battery",https://www.amazon.in/POCO-Processor-Display-Camera-Battery/dp/B0F5Q5FWT4/ref=sr_1_21?dib=eyJ2IjoiMSJ9.UhqHC6pWkN4tIrW_OOIAyeBrwtMvh2StsH1TMWsIa9zsgyTwo2EdMHgEWW6vdU_N88IOXRAkMh0IrL5ew7ffJVd9KYgAEiTc6QL_5WoibDxOZnca8Ox-28ysS3I_BxR8bJOLPqYGFLsabQHW7e8GI-hI4hgTzhNPb7gKYhqoKbW3X5xqKNBwFwdiw-_LpW7xTNWbGjEl8Rc7MbnA3dGTRNjzZz0yndwCXuUOW7auqyk.NiSkzQO1R0QLB4JFXM6PmUFDl135GLJU7vYXk04Hgxk&dib_tag=se&keywords=poco&nsdOptOutParam=true&qid=1747734169&sr=8-21,https://m.media-amazon.com/images/I/71EfJ+H1uRL._AC_UY218_.jpg,"₹10,699","₹13,999",
"POCO F4 5G, Night Black (12GB, 256GB)",https://www.amazon.in/POCO-F4-5G-Night-Black/dp/B0DJW61YDN/ref=sr_1_22?dib=eyJ2IjoiMSJ9.UhqHC6pWkN4tIrW_OOIAyeBrwtMvh2StsH1TMWsIa9zsgyTwo2EdMHgEWW6vdU_N88IOXRAkMh0IrL5ew7ffJVd9KYgAEiTc6QL_5WoibDxOZnca8Ox-28ysS3I_BxR8bJOLPqYGFLsabQHW7e8GI-hI4hgTzhNPb7gKYhqoKbW3X5xqKNBwFwdiw-_LpW7xTNWbGjEl8Rc7MbnA3dGTRNjzZz0yndwCXuUOW7auqyk.NiSkzQO1R0QLB4JFXM6PmUFDl135GLJU7vYXk04Hgxk&dib_tag=se&keywords=poco&nsdOptOutParam=true&qid=1747734169&sr=8-22,https://m.media-amazon.com/images/I/41aa2x7W86L._AC_UY218_.jpg,"₹17,900","₹39,999",
"POCO M7 5G, Ocean Blue (8GB, 128GB)",https://www.amazon.in/POCO-Ocean-Blue-8GB-128GB/dp/B0F1CPCTCX/ref=sr_1_23?dib=eyJ2IjoiMSJ9.UhqHC6pWkN4tIrW_OOIAyeBrwtMvh2StsH1TMWsIa9zsgyTwo2EdMHgEWW6vdU_N88IOXRAkMh0IrL5ew7ffJVd9KYgAEiTc6QL_5WoibDxOZnca8Ox-28ysS3I_BxR8bJOLPqYGFLsabQHW7e8GI-hI4hgTzhNPb7gKYhqoKbW3X5xqKNBwFwdiw-_LpW7xTNWbGjEl8Rc7MbnA3dGTRNjzZz0yndwCXuUOW7auqyk.NiSkzQO1R0QLB4JFXM6PmUFDl135GLJU7vYXk04Hgxk&dib_tag=se&keywords=poco&nsdOptOutParam=true&qid=1747734169&sr=8-23,https://m.media-amazon.com/images/I/71RVQXrYejL._AC_UY218_.jpg,"₹10,699","₹13,999",
POCO M6 Plus 5G Graphite Black 6GB RAM 128GB ROM,https://www.amazon.in/POCO-Plus-Graphite-Black-128GB/dp/B0DF7HWHD2/ref=sr_1_24?dib=eyJ2IjoiMSJ9.UhqHC6pWkN4tIrW_OOIAyeBrwtMvh2StsH1TMWsIa9zsgyTwo2EdMHgEWW6vdU_N88IOXRAkMh0IrL5ew7ffJVd9KYgAEiTc6QL_5WoibDxOZnca8Ox-28ysS3I_BxR8bJOLPqYGFLsabQHW7e8GI-hI4hgTzhNPb7gKYhqoKbW3X5xqKNBwFwdiw-_LpW7xTNWbGjEl8Rc7MbnA3dGTRNjzZz0yndwCXuUOW7auqyk.NiSkzQO1R0QLB4JFXM6PmUFDl135GLJU7vYXk04Hgxk&dib_tag=se&keywords=poco&nsdOptOutParam=true&qid=1747734169&sr=8-24,https://m.media-amazon.com/images/I/71tsuJCkV+L._AC_UY218_.jpg,,,
"Samsung Galaxy M05 (Mint Green, 4GB RAM, 64 GB Storage) | 50MP Dual Camera | Bigger 6.7"" HD+ Display | 5000mAh Battery | 25W Fast Charging | 2 Gen OS Upgrade & 4 Year Security Update | Without Charger",https://www.amazon.in/Samsung-Storage-Display-Charging-Security/dp/B0DFY3XCB6/ref=sr_1_25?dib=eyJ2IjoiMSJ9.UhqHC6pWkN4tIrW_OOIAyeBrwtMvh2StsH1TMWsIa9zsgyTwo2EdMHgEWW6vdU_N88IOXRAkMh0IrL5ew7ffJVd9KYgAEiTc6QL_5WoibDxOZnca8Ox-28ysS3I_BxR8bJOLPqYGFLsabQHW7e8GI-hI4hgTzhNPb7gKYhqoKbW3X5xqKNBwFwdiw-_LpW7xTNWbGjEl8Rc7MbnA3dGTRNjzZz0yndwCXuUOW7auqyk.NiSkzQO1R0QLB4JFXM6PmUFDl135GLJU7vYXk04Hgxk&dib_tag=se&keywords=poco&nsdOptOutParam=true&qid=1747734169&sr=8-25,https://m.media-amazon.com/images/I/81T3olLXpUL._AC_UY218_.jpg,"₹6,499","₹9,999",
"POCO X7 Pro 5G, Obsidian Black (12GB, 256GB)",https://www.amazon.in/POCO-Obsidian-Black-12GB-256GB/dp/B0F29K9RL5/ref=sr_1_26?dib=eyJ2IjoiMSJ9.UhqHC6pWkN4tIrW_OOIAyeBrwtMvh2StsH1TMWsIa9zsgyTwo2EdMHgEWW6vdU_N88IOXRAkMh0IrL5ew7ffJVd9KYgAEiTc6QL_5WoibDxOZnca8Ox-28ysS3I_BxR8bJOLPqYGFLsabQHW7e8GI-hI4hgTzhNPb7gKYhqoKbW3X5xqKNBwFwdiw-_LpW7xTNWbGjEl8Rc7MbnA3dGTRNjzZz0yndwCXuUOW7auqyk.NiSkzQO1R0QLB4JFXM6PmUFDl135GLJU7vYXk04Hgxk&dib_tag=se&keywords=poco&nsdOptOutParam=true&qid=1747734169&sr=8-26,https://m.media-amazon.com/images/I/51gD9GfPpaL._AC_UY218_.jpg,"₹26,999","₹33,999",
Zapcase Back Case Cover for Poco X3 / Poco X3 Pro | Compatible for Poco X3 / Poco X3 Pro Back Cover | Liquid Silicon Magic Case with Camera Protection | Sapphire,https://www.amazon.in/sspa/click?ie=UTF8&spc=MToxNjY4MDIxODIwNDU2MjYxOjE3NDc3MzQxNjk6c3BfbXRmOjMwMDQxODYwMDk0NDAzMjo6MDo6&url=%2FZapcase-Compatible-Silicon-Protection-Sapphire%2Fdp%2FB0BXSZZ58K%2Fref%3Dsr_1_27_sspa%3Fdib%3DeyJ2IjoiMSJ9.UhqHC6pWkN4tIrW_OOIAyeBrwtMvh2StsH1TMWsIa9zsgyTwo2EdMHgEWW6vdU_N88IOXRAkMh0IrL5ew7ffJVd9KYgAEiTc6QL_5WoibDxOZnca8Ox-28ysS3I_BxR8bJOLPqYGFLsabQHW7e8GI-hI4hgTzhNPb7gKYhqoKbW3X5xqKNBwFwdiw-_LpW7xTNWbGjEl8Rc7MbnA3dGTRNjzZz0yndwCXuUOW7auqyk.NiSkzQO1R0QLB4JFXM6PmUFDl135GLJU7vYXk04Hgxk%26dib_tag%3Dse%26keywords%3Dpoco%26nsdOptOutParam%3Dtrue%26qid%3D1747734169%26sr%3D8-27-spons%26sp_csd%3Dd2lkZ2V0TmFtZT1zcF9tdGY%26psc%3D1,https://m.media-amazon.com/images/I/81+JVYc0M2L._AC_UY218_.jpg,₹269,₹899,
"Fire-Boltt 4G Pro Volte Calling Smart Watch- 2.02” TFT Display, 4G Nano-SIM GPS, Health Suite, Sports Modes, 400mAh Battery (Black)",https://www.amazon.in/sspa/click?ie=UTF8&spc=MToxNjY4MDIxODIwNDU2MjYxOjE3NDc3MzQxNjk6c3BfbXRmOjMwMDE4ODc5NDQ5MjQzMjo6MDo6&url=%2FFire-Boltt-Calling-Display-Nano-SIM-Battery%2Fdp%2FB0CXXDG3LS%2Fref%3Dsr_1_28_sspa%3Fdib%3DeyJ2IjoiMSJ9.UhqHC6pWkN4tIrW_OOIAyeBrwtMvh2StsH1TMWsIa9zsgyTwo2EdMHgEWW6vdU_N88IOXRAkMh0IrL5ew7ffJVd9KYgAEiTc6QL_5WoibDxOZnca8Ox-28ysS3I_BxR8bJOLPqYGFLsabQHW7e8GI-hI4hgTzhNPb7gKYhqoKbW3X5xqKNBwFwdiw-_LpW7xTNWbGjEl8Rc7MbnA3dGTRNjzZz0yndwCXuUOW7auqyk.NiSkzQO1R0QLB4JFXM6PmUFDl135GLJU7vYXk04Hgxk%26dib_tag%3Dse%26keywords%3Dpoco%26nsdOptOutParam%3Dtrue%26qid%3D1747734169%26sr%3D8-28-spons%26sp_csd%3Dd2lkZ2V0TmFtZT1zcF9tdGY%26psc%3D1,https://m.media-amazon.com/images/I/71aJJQtVnoL._AC_UY218_.jpg,"₹1,949","₹19,999",
"POCO M7 Pro 5G, Lunar Dust (8GB, 256GB)",https://www.amazon.in/POCO-Pro-Lunar-Dust-256GB/dp/B0DR5G7W5S/ref=sr_1_29?dib=eyJ2IjoiMSJ9.UhqHC6pWkN4tIrW_OOIAyeBrwtMvh2StsH1TMWsIa9zsgyTwo2EdMHgEWW6vdU_N88IOXRAkMh0IrL5ew7ffJVd9KYgAEiTc6QL_5WoibDxOZnca8Ox-28ysS3I_BxR8bJOLPqYGFLsabQHW7e8GI-hI4hgTzhNPb7gKYhqoKbW3X5xqKNBwFwdiw-_LpW7xTNWbGjEl8Rc7MbnA3dGTRNjzZz0yndwCXuUOW7auqyk.NiSkzQO1R0QLB4JFXM6PmUFDl135GLJU7vYXk04Hgxk&dib_tag=se&keywords=poco&nsdOptOutParam=true&qid=1747734169&sr=8-29,https://m.media-amazon.com/images/I/51lrfXo6-5L._AC_UY218_.jpg,"₹15,288","₹20,999",
POCO M6 Plus 5G Misty Lavender 6GB RAM 128GB ROM,https://www.amazon.in/POCO-Plus-Misty-Lavender-128GB/dp/B0DF7D1664/ref=sr_1_30?dib=eyJ2IjoiMSJ9.UhqHC6pWkN4tIrW_OOIAyeBrwtMvh2StsH1TMWsIa9zsgyTwo2EdMHgEWW6vdU_N88IOXRAkMh0IrL5ew7ffJVd9KYgAEiTc6QL_5WoibDxOZnca8Ox-28ysS3I_BxR8bJOLPqYGFLsabQHW7e8GI-hI4hgTzhNPb7gKYhqoKbW3X5xqKNBwFwdiw-_LpW7xTNWbGjEl8Rc7MbnA3dGTRNjzZz0yndwCXuUOW7auqyk.NiSkzQO1R0QLB4JFXM6PmUFDl135GLJU7vYXk04Hgxk&dib_tag=se&keywords=poco&nsdOptOutParam=true&qid=1747734169&sr=8-30,https://m.media-amazon.com/images/I/71vkB1WIouL._AC_UY218_.jpg,,,
"Redmi A4 5G (Starry Black, 4GB RAM, 128GB Storage) | Global Debut SD 4s Gen 2 | Segment Largest 6.88in 120Hz | 50MP Dual Camera | 18W Fast Charging",https://www.amazon.in/Redmi-A4-5G-Storage-Charging/dp/B0DLW4QD72/ref=sr_1_31?dib=eyJ2IjoiMSJ9.UhqHC6pWkN4tIrW_OOIAyeBrwtMvh2StsH1TMWsIa9zsgyTwo2EdMHgEWW6vdU_N88IOXRAkMh0IrL5ew7ffJVd9KYgAEiTc6QL_5WoibDxOZnca8Ox-28ysS3I_BxR8bJOLPqYGFLsabQHW7e8GI-hI4hgTzhNPb7gKYhqoKbW3X5xqKNBwFwdiw-_LpW7xTNWbGjEl8Rc7MbnA3dGTRNjzZz0yndwCXuUOW7auqyk.NiSkzQO1R0QLB4JFXM6PmUFDl135GLJU7vYXk04Hgxk&dib_tag=se&keywords=poco&nsdOptOutParam=true&qid=1747734169&sr=8-31,https://m.media-amazon.com/images/I/718HzJbvY1L._AC_UY218_.jpg,"₹8,799","₹11,999",
"POCO M7 Pro 5G, Lavender Frost (6GB, 128GB)",https://www.amazon.in/POCO-Pro-Lavender-Frost-128GB/dp/B0DR5DNJ7X/ref=sr_1_32?dib=eyJ2IjoiMSJ9.UhqHC6pWkN4tIrW_OOIAyeBrwtMvh2StsH1TMWsIa9zsgyTwo2EdMHgEWW6vdU_N88IOXRAkMh0IrL5ew7ffJVd9KYgAEiTc6QL_5WoibDxOZnca8Ox-28ysS3I_BxR8bJOLPqYGFLsabQHW7e8GI-hI4hgTzhNPb7gKYhqoKbW3X5xqKNBwFwdiw-_LpW7xTNWbGjEl8Rc7MbnA3dGTRNjzZz0yndwCXuUOW7auqyk.NiSkzQO1R0QLB4JFXM6PmUFDl135GLJU7vYXk04Hgxk&dib_tag=se&keywords=poco&nsdOptOutParam=true&qid=1747734169&sr=8-32,https://m.media-amazon.com/images/I/51MI2CEBcUL._AC_UY218_.jpg,"₹13,545","₹18,999",
"POCO M7 Pro 5G, Lunar Dust (6GB, 128GB)",https://www.amazon.in/POCO-Pro-Lunar-Dust-128GB/dp/B0DR5GWZHK/ref=sr_1_33?dib=eyJ2IjoiMSJ9.UhqHC6pWkN4tIrW_OOIAyeBrwtMvh2StsH1TMWsIa9zsgyTwo2EdMHgEWW6vdU_N88IOXRAkMh0IrL5ew7ffJVd9KYgAEiTc6QL_5WoibDxOZnca8Ox-28ysS3I_BxR8bJOLPqYGFLsabQHW7e8GI-hI4hgTzhNPb7gKYhqoKbW3X5xqKNBwFwdiw-_LpW7xTNWbGjEl8Rc7MbnA3dGTRNjzZz0yndwCXuUOW7auqyk.NiSkzQO1R0QLB4JFXM6PmUFDl135GLJU7vYXk04Hgxk&dib_tag=se&keywords=poco&nsdOptOutParam=true&qid=1747734169&sr=8-33,https://m.media-amazon.com/images/I/51lrfXo6-5L._AC_UY218_.jpg,"₹13,592","₹18,999",
"POCO X7 5G (Yellow, 256 GB) (8 GB RAM)",https://www.amazon.in/POCO-X7-Yellow-256-RAM/dp/B0DVZTM6SC/ref=sr_1_34?dib=eyJ2IjoiMSJ9.UhqHC6pWkN4tIrW_OOIAyeBrwtMvh2StsH1TMWsIa9zsgyTwo2EdMHgEWW6vdU_N88IOXRAkMh0IrL5ew7ffJVd9KYgAEiTc6QL_5WoibDxOZnca8Ox-28ysS3I_BxR8bJOLPqYGFLsabQHW7e8GI-hI4hgTzhNPb7gKYhqoKbW3X5xqKNBwFwdiw-_LpW7xTNWbGjEl8Rc7MbnA3dGTRNjzZz0yndwCXuUOW7auqyk.NiSkzQO1R0QLB4JFXM6PmUFDl135GLJU7vYXk04Hgxk&dib_tag=se&keywords=poco&nsdOptOutParam=true&qid=1747734169&sr=8-34,https://m.media-amazon.com/images/I/71BaFJ2y0wL._AC_UY218_.jpg,"₹20,990","₹27,999",
"POCO X6 Neo 5G (Martian Orange, 8GB RAM, 128GB Storage) | Dimensity 6080 Processor | 5000 mAh Battery + 33W Fast Charging | 108MP + 2MP Rear Camera & 16MP Front Camera",https://www.amazon.in/POCO-Martian-Dimensity-Processor-Charging/dp/B0CY9BX3S1/ref=sr_1_35?dib=eyJ2IjoiMSJ9.UhqHC6pWkN4tIrW_OOIAyeBrwtMvh2StsH1TMWsIa9zsgyTwo2EdMHgEWW6vdU_N88IOXRAkMh0IrL5ew7ffJVd9KYgAEiTc6QL_5WoibDxOZnca8Ox-28ysS3I_BxR8bJOLPqYGFLsabQHW7e8GI-hI4hgTzhNPb7gKYhqoKbW3X5xqKNBwFwdiw-_LpW7xTNWbGjEl8Rc7MbnA3dGTRNjzZz0yndwCXuUOW7auqyk.NiSkzQO1R0QLB4JFXM6PmUFDl135GLJU7vYXk04Hgxk&dib_tag=se&keywords=poco&nsdOptOutParam=true&qid=1747734169&sr=8-35,https://m.media-amazon.com/images/I/717kT9HNtOL._AC_UY218_.jpg,"₹12,988","₹19,999",
"POCO X6 5G (Mirror Black, 8 GB RAM 256 GB Storage)",https://www.amazon.in/POCO-Mirror-Black-RAM-Storage/dp/B0CSDSJ31L/ref=sr_1_36?dib=eyJ2IjoiMSJ9.UhqHC6pWkN4tIrW_OOIAyeBrwtMvh2StsH1TMWsIa9zsgyTwo2EdMHgEWW6vdU_N88IOXRAkMh0IrL5ew7ffJVd9KYgAEiTc6QL_5WoibDxOZnca8Ox-28ysS3I_BxR8bJOLPqYGFLsabQHW7e8GI-hI4hgTzhNPb7gKYhqoKbW3X5xqKNBwFwdiw-_LpW7xTNWbGjEl8Rc7MbnA3dGTRNjzZz0yndwCXuUOW7auqyk.NiSkzQO1R0QLB4JFXM6PmUFDl135GLJU7vYXk04Hgxk&dib_tag=se&keywords=poco&nsdOptOutParam=true&qid=1747734169&sr=8-36,https://m.media-amazon.com/images/I/71n0XBq7HuL._AC_UY218_.jpg,"₹19,990","₹24,999",
Amazon Brand - Solimo Mi Redmi 10A/10A Sport/Redmi 9/Redmi 9 Activ/9C/Poco C31 Flip Cover Magnetic Leather Wallet Case (Blue),https://www.amazon.in/sspa/click?ie=UTF8&spc=MToxNjY4MDIxODIwNDU2MjYxOjE3NDc3MzQxNjk6c3BfYnRmOjMwMDQyODkwODUyOTMzMjo6MDo6&url=%2FAmazon-Brand-Solimo-Magnetic-Leather%2Fdp%2FB0DN5HHWTB%2Fref%3Dsr_1_37_sspa%3Fdib%3DeyJ2IjoiMSJ9.UhqHC6pWkN4tIrW_OOIAyeBrwtMvh2StsH1TMWsIa9zsgyTwo2EdMHgEWW6vdU_N88IOXRAkMh0IrL5ew7ffJVd9KYgAEiTc6QL_5WoibDxOZnca8Ox-28ysS3I_BxR8bJOLPqYGFLsabQHW7e8GI-hI4hgTzhNPb7gKYhqoKbW3X5xqKNBwFwdiw-_LpW7xTNWbGjEl8Rc7MbnA3dGTRNjzZz0yndwCXuUOW7auqyk.NiSkzQO1R0QLB4JFXM6PmUFDl135GLJU7vYXk04Hgxk%26dib_tag%3Dse%26keywords%3Dpoco%26nsdOptOutParam%3Dtrue%26qid%3D1747734169%26sr%3D8-37-spons%26sp_csd%3Dd2lkZ2V0TmFtZT1zcF9idGY%26psc%3D1,https://m.media-amazon.com/images/I/61bbjzaKIxL._AC_UY218_.jpg,₹189,₹499,
"Spigen Essential Sand Blast for Xiaomi Poco X5 5G/Redmi Note 12 5G Case, Poco X5 5G/Redmi Note 12 5G Back Cover - Matte Black",https://www.amazon.in/sspa/click?ie=UTF8&spc=MToxNjY4MDIxODIwNDU2MjYxOjE3NDc3MzQxNjk6c3BfYnRmOjMwMDQyMjA1NTAxNTczMjo6MDo6&url=%2FSpigen-Essential-Blast-Cover-Compatible%2Fdp%2FB0BRX7RWMB%2Fref%3Dsr_1_38_sspa%3Fdib%3DeyJ2IjoiMSJ9.UhqHC6pWkN4tIrW_OOIAyeBrwtMvh2StsH1TMWsIa9zsgyTwo2EdMHgEWW6vdU_N88IOXRAkMh0IrL5ew7ffJVd9KYgAEiTc6QL_5WoibDxOZnca8Ox-28ysS3I_BxR8bJOLPqYGFLsabQHW7e8GI-hI4hgTzhNPb7gKYhqoKbW3X5xqKNBwFwdiw-_LpW7xTNWbGjEl8Rc7MbnA3dGTRNjzZz0yndwCXuUOW7auqyk.NiSkzQO1R0QLB4JFXM6PmUFDl135GLJU7vYXk04Hgxk%26dib_tag%3Dse%26keywords%3Dpoco%26nsdOptOutParam%3Dtrue%26qid%3D1747734169%26sr%3D8-38-spons%26sp_csd%3Dd2lkZ2V0TmFtZT1zcF9idGY%26psc%3D1,https://m.media-amazon.com/images/I/81Ouwc5NkJL._AC_UY218_.jpg,₹599,₹799,"Buy 2 items, get 3% off"
"Zapcase Back Case Cover for Mi Redmi K30 / Poco X2 (TPU, Polycarbonate_Matte Black)",https://www.amazon.in/sspa/click?ie=UTF8&spc=MToxMzY4NDU0Njk2MDU4NTIzOjE3NDc3MzQxNzY6c3BfYXRmX25leHQ6MzAwNTE0NTIyMDU4MzMyOjowOjo&url=%2FZapcase-Cover-Compatible-Camera-Protection%2Fdp%2FB0BJF9B721%2Fref%3Dsr_1_33_sspa%3Fdib%3DeyJ2IjoiMSJ9.Mc0pNWAK_buGCOgXCP-VGHtrsn-StQAgcOXHFcbrOnQ6YsW8oE7fhfm0yZUnqBFWNNBbZ0dAIcXKSvYTlQPVRRTyd9WH-Cw5RLDW1doAxazAYNzSZeZBpv_S4VNRMf8UfOEA-ClZmiEX_pG_-tP_IkPcsP1KbqSDnZd2i8tvoagDiGjw9tcUv721fxVGG31kAplEKegHvi_cu9AOqbmSNVqzeoSgAj1H3dtZYEFZjF4.SSKC-idTENltUFkW3bW1nxCifJv3b5qo5GyhDxbczfU%26dib_tag%3Dse%26keywords%3Dpoco%26nsdOptOutParam%3Dtrue%26qid%3D1747734176%26sr%3D8-33-spons%26sp_csd%3Dd2lkZ2V0TmFtZT1zcF9hdGZfbmV4dA%26psc%3D1,https://m.media-amazon.com/images/I/71QZYt2HdYL._AC_UY218_.jpg,₹169,₹399,
Zapcase Back Case Cover for Poco X3 / Poco X3 Pro | Compatible for Poco X3 / Poco X3 Pro Back Cover | Liquid Silicon Magic Case with Camera Protection | Sapphire,https://www.amazon.in/sspa/click?ie=UTF8&spc=MToxMzY4NDU0Njk2MDU4NTIzOjE3NDc3MzQxNzY6c3BfYXRmX25leHQ6MzAwNDE4NjAwOTQ0MDMyOjowOjo&url=%2FZapcase-Compatible-Silicon-Protection-Sapphire%2Fdp%2FB0BXSZZ58K%2Fref%3Dsr_1_34_sspa%3Fdib%3DeyJ2IjoiMSJ9.Mc0pNWAK_buGCOgXCP-VGHtrsn-StQAgcOXHFcbrOnQ6YsW8oE7fhfm0yZUnqBFWNNBbZ0dAIcXKSvYTlQPVRRTyd9WH-Cw5RLDW1doAxazAYNzSZeZBpv_S4VNRMf8UfOEA-ClZmiEX_pG_-tP_IkPcsP1KbqSDnZd2i8tvoagDiGjw9tcUv721fxVGG31kAplEKegHvi_cu9AOqbmSNVqzeoSgAj1H3dtZYEFZjF4.SSKC-idTENltUFkW3bW1nxCifJv3b5qo5GyhDxbczfU%26dib_tag%3Dse%26keywords%3Dpoco%26nsdOptOutParam%3Dtrue%26qid%3D1747734176%26sr%3D8-34-spons%26sp_csd%3Dd2lkZ2V0TmFtZT1zcF9hdGZfbmV4dA%26psc%3D1,https://m.media-amazon.com/images/I/81+JVYc0M2L._AC_UY218_.jpg,₹269,₹899,
"iQOO Neo 10R 5G (Moonknight Titanium, 12GB RAM, 256GB Storage) | Snapdragon 8s Gen 3 Processor | India's Slimmest 6400mAh Battery Smartphone | Segment's Most Stable 90FPS for 5 Hours",https://www.amazon.in/iQOO-Moonknight-Snapdragon-Processor-Smartphone/dp/B0DW47CJBW/ref=sr_1_35?dib=eyJ2IjoiMSJ9.Mc0pNWAK_buGCOgXCP-VGHtrsn-StQAgcOXHFcbrOnQ6YsW8oE7fhfm0yZUnqBFWNNBbZ0dAIcXKSvYTlQPVRRTyd9WH-Cw5RLDW1doAxazAYNzSZeZBpv_S4VNRMf8UfOEA-ClZmiEX_pG_-tP_IkPcsP1KbqSDnZd2i8tvoagDiGjw9tcUv721fxVGG31kAplEKegHvi_cu9AOqbmSNVqzeoSgAj1H3dtZYEFZjF4.SSKC-idTENltUFkW3bW1nxCifJv3b5qo5GyhDxbczfU&dib_tag=se&keywords=poco&nsdOptOutParam=true&qid=1747734176&sr=8-35,https://m.media-amazon.com/images/I/610NUM9jlxL._AC_UY218_.jpg,"₹30,998","₹35,999",
"realme NARZO N61 (Voyage Blue,4GB RAM+64GB Storage) 90Hz Eye Comfort Display | IP54 Dust & Water Resistance | 48-Month Fluency | Charger in The Box",https://www.amazon.in/realme-Storage-Comfort-Resistance-48-Month/dp/B0D945V84N/ref=sr_1_36?dib=eyJ2IjoiMSJ9.Mc0pNWAK_buGCOgXCP-VGHtrsn-StQAgcOXHFcbrOnQ6YsW8oE7fhfm0yZUnqBFWNNBbZ0dAIcXKSvYTlQPVRRTyd9WH-Cw5RLDW1doAxazAYNzSZeZBpv_S4VNRMf8UfOEA-ClZmiEX_pG_-tP_IkPcsP1KbqSDnZd2i8tvoagDiGjw9tcUv721fxVGG31kAplEKegHvi_cu9AOqbmSNVqzeoSgAj1H3dtZYEFZjF4.SSKC-idTENltUFkW3bW1nxCifJv3b5qo5GyhDxbczfU&dib_tag=se&keywords=poco&nsdOptOutParam=true&qid=1747734176&sr=8-36,https://m.media-amazon.com/images/I/71r0Ysx+oVL._AC_UY218_.jpg,"₹7,498","₹8,999",
"POCO X6 5G (Snowstorm White, 12 GB RAM 512 GB Storage)",https://www.amazon.in/POCO-Snowstorm-White-RAM-Storage/dp/B0CSSD9QJR/ref=sr_1_37?dib=eyJ2IjoiMSJ9.Mc0pNWAK_buGCOgXCP-VGHtrsn-StQAgcOXHFcbrOnQ6YsW8oE7fhfm0yZUnqBFWNNBbZ0dAIcXKSvYTlQPVRRTyd9WH-Cw5RLDW1doAxazAYNzSZeZBpv_S4VNRMf8UfOEA-ClZmiEX_pG_-tP_IkPcsP1KbqSDnZd2i8tvoagDiGjw9tcUv721fxVGG31kAplEKegHvi_cu9AOqbmSNVqzeoSgAj1H3dtZYEFZjF4.SSKC-idTENltUFkW3bW1nxCifJv3b5qo5GyhDxbczfU&dib_tag=se&keywords=poco&nsdOptOutParam=true&qid=1747734176&sr=8-37,https://m.media-amazon.com/images/I/51nR5QYbGQL._AC_UY218_.jpg,"₹24,999","₹27,999",
POCO F6 5G Titanium 8GB RAM 256GB ROM,https://www.amazon.in/POCO-Titanium-8GB-RAM-256GB/dp/B0D5HHW6RQ/ref=sr_1_38?dib=eyJ2IjoiMSJ9.Mc0pNWAK_buGCOgXCP-VGHtrsn-StQAgcOXHFcbrOnQ6YsW8oE7fhfm0yZUnqBFWNNBbZ0dAIcXKSvYTlQPVRRTyd9WH-Cw5RLDW1doAxazAYNzSZeZBpv_S4VNRMf8UfOEA-ClZmiEX_pG_-tP_IkPcsP1KbqSDnZd2i8tvoagDiGjw9tcUv721fxVGG31kAplEKegHvi_cu9AOqbmSNVqzeoSgAj1H3dtZYEFZjF4.SSKC-idTENltUFkW3bW1nxCifJv3b5qo5GyhDxbczfU&dib_tag=se&keywords=poco&nsdOptOutParam=true&qid=1747734176&sr=8-38,https://m.media-amazon.com/images/I/71SDc7WE2DL._AC_UY218_.jpg,"₹24,599","₹33,999",
"Redmi A4 5G (Sparkle Purple, 4GB RAM, 128GB Storage) | Global Debut SD 4s Gen 2 | Segment Largest 6.88in 120Hz | 50MP Dual Camera | 18W Fast Charging",https://www.amazon.in/Redmi-Sparkle-Storage-Segment-Charging/dp/B0DLW44CGS/ref=sr_1_39?dib=eyJ2IjoiMSJ9.Mc0pNWAK_buGCOgXCP-VGHtrsn-StQAgcOXHFcbrOnQ6YsW8oE7fhfm0yZUnqBFWNNBbZ0dAIcXKSvYTlQPVRRTyd9WH-Cw5RLDW1doAxazAYNzSZeZBpv_S4VNRMf8UfOEA-ClZmiEX_pG_-tP_IkPcsP1KbqSDnZd2i8tvoagDiGjw9tcUv721fxVGG31kAplEKegHvi_cu9AOqbmSNVqzeoSgAj1H3dtZYEFZjF4.SSKC-idTENltUFkW3bW1nxCifJv3b5qo5GyhDxbczfU&dib_tag=se&keywords=poco&nsdOptOutParam=true&qid=1747734176&sr=8-39,https://m.media-amazon.com/images/I/81BGKLI+cWL._AC_UY218_.jpg,"₹8,799","₹11,999",
"(Refurbished) POCO F6 5G (Titanium, 256 GB) (8 GB RAM)",https://www.amazon.in/Refurbished-POCO-Titanium-256-RAM/dp/B0DCFR1DQQ/ref=sr_1_40?dib=eyJ2IjoiMSJ9.Mc0pNWAK_buGCOgXCP-VGHtrsn-StQAgcOXHFcbrOnQ6YsW8oE7fhfm0yZUnqBFWNNBbZ0dAIcXKSvYTlQPVRRTyd9WH-Cw5RLDW1doAxazAYNzSZeZBpv_S4VNRMf8UfOEA-ClZmiEX_pG_-tP_IkPcsP1KbqSDnZd2i8tvoagDiGjw9tcUv721fxVGG31kAplEKegHvi_cu9AOqbmSNVqzeoSgAj1H3dtZYEFZjF4.SSKC-idTENltUFkW3bW1nxCifJv3b5qo5GyhDxbczfU&dib_tag=se&keywords=poco&nsdOptOutParam=true&qid=1747734176&sr=8-40,https://m.media-amazon.com/images/I/71SDc7WE2DL._AC_UY218_.jpg,"₹19,990","₹24,599",
"POCO C51 (Royal Blue, 4GB RAM, 64GB Storage)",https://www.amazon.in/Poco-C51-Royal-Blue-RAM/dp/B0C1SG2JRF/ref=sr_1_41?dib=eyJ2IjoiMSJ9.Mc0pNWAK_buGCOgXCP-VGHtrsn-StQAgcOXHFcbrOnQ6YsW8oE7fhfm0yZUnqBFWNNBbZ0dAIcXKSvYTlQPVRRTyd9WH-Cw5RLDW1doAxazAYNzSZeZBpv_S4VNRMf8UfOEA-ClZmiEX_pG_-tP_IkPcsP1KbqSDnZd2i8tvoagDiGjw9tcUv721fxVGG31kAplEKegHvi_cu9AOqbmSNVqzeoSgAj1H3dtZYEFZjF4.SSKC-idTENltUFkW3bW1nxCifJv3b5qo5GyhDxbczfU&dib_tag=se&keywords=poco&nsdOptOutParam=true&qid=1747734176&sr=8-41,https://m.media-amazon.com/images/I/61uUEqO5uQL._AC_UY218_.jpg,"₹7,499","₹9,999",
"POCO X7 Pro 5G, Yellow (8GB, 256GB)",https://www.amazon.in/POCO-Pro-Yellow-8GB-256GB/dp/B0F1331BB5/ref=sr_1_42?dib=eyJ2IjoiMSJ9.Mc0pNWAK_buGCOgXCP-VGHtrsn-StQAgcOXHFcbrOnQ6YsW8oE7fhfm0yZUnqBFWNNBbZ0dAIcXKSvYTlQPVRRTyd9WH-Cw5RLDW1doAxazAYNzSZeZBpv_S4VNRMf8UfOEA-ClZmiEX_pG_-tP_IkPcsP1KbqSDnZd2i8tvoagDiGjw9tcUv721fxVGG31kAplEKegHvi_cu9AOqbmSNVqzeoSgAj1H3dtZYEFZjF4.SSKC-idTENltUFkW3bW1nxCifJv3b5qo5GyhDxbczfU&dib_tag=se&keywords=poco&nsdOptOutParam=true&qid=1747734176&sr=8-42,https://m.media-amazon.com/images/I/41Opbfpd-cL._AC_UY218_.jpg,"₹24,999","₹31,999",
Amazon Brand - Solimo Mi Redmi 10A/10A Sport/Redmi 9/Redmi 9 Activ/9C/Poco C31 Flip Cover Magnetic Leather Wallet Case (Blue),https://www.amazon.in/sspa/click?ie=UTF8&spc=MToxMzY4NDU0Njk2MDU4NTIzOjE3NDc3MzQxNzY6c3BfbXRmOjMwMDQyODkwODUyOTMzMjo6MDo6&url=%2FAmazon-Brand-Solimo-Magnetic-Leather%2Fdp%2FB0DN5HHWTB%2Fref%3Dsr_1_43_sspa%3Fdib%3DeyJ2IjoiMSJ9.Mc0pNWAK_buGCOgXCP-VGHtrsn-StQAgcOXHFcbrOnQ6YsW8oE7fhfm0yZUnqBFWNNBbZ0dAIcXKSvYTlQPVRRTyd9WH-Cw5RLDW1doAxazAYNzSZeZBpv_S4VNRMf8UfOEA-ClZmiEX_pG_-tP_IkPcsP1KbqSDnZd2i8tvoagDiGjw9tcUv721fxVGG31kAplEKegHvi_cu9AOqbmSNVqzeoSgAj1H3dtZYEFZjF4.SSKC-idTENltUFkW3bW1nxCifJv3b5qo5GyhDxbczfU%26dib_tag%3Dse%26keywords%3Dpoco%26nsdOptOutParam%3Dtrue%26qid%3D1747734176%26sr%3D8-43-spons%26sp_csd%3Dd2lkZ2V0TmFtZT1zcF9tdGY%26psc%3D1,https://m.media-amazon.com/images/I/61bbjzaKIxL._AC_UY218_.jpg,₹189,₹499,
"Amazon Brand- Solimo Basic Case for Poco M4 5G,M5 4G (Thermoplastic Polyurethane_Black)",https://www.amazon.in/sspa/click?ie=UTF8&spc=MToxMzY4NDU0Njk2MDU4NTIzOjE3NDc3MzQxNzY6c3BfbXRmOjMwMDU1MTY0MDM0MDkzMjo6MDo6&url=%2FAmazon-Brand-Solimo-Thermoplastic-Polyurethane_Black%2Fdp%2FB0D5V49CM6%2Fref%3Dsr_1_44_sspa%3Fdib%3DeyJ2IjoiMSJ9.Mc0pNWAK_buGCOgXCP-VGHtrsn-StQAgcOXHFcbrOnQ6YsW8oE7fhfm0yZUnqBFWNNBbZ0dAIcXKSvYTlQPVRRTyd9WH-Cw5RLDW1doAxazAYNzSZeZBpv_S4VNRMf8UfOEA-ClZmiEX_pG_-tP_IkPcsP1KbqSDnZd2i8tvoagDiGjw9tcUv721fxVGG31kAplEKegHvi_cu9AOqbmSNVqzeoSgAj1H3dtZYEFZjF4.SSKC-idTENltUFkW3bW1nxCifJv3b5qo5GyhDxbczfU%26dib_tag%3Dse%26keywords%3Dpoco%26nsdOptOutParam%3Dtrue%26qid%3D1747734176%26sr%3D8-44-spons%26sp_csd%3Dd2lkZ2V0TmFtZT1zcF9tdGY%26psc%3D1,https://m.media-amazon.com/images/I/51DPTanLI3L._AC_UY218_.jpg,₹269,₹499,
"POCO X4 Pro 5G (Laser Black, 6GB RAM 128GB Storage)",https://www.amazon.in/POCO-Laser-Black-128GB-Storage/dp/B0B66VZ7Y5/ref=sr_1_45?dib=eyJ2IjoiMSJ9.Mc0pNWAK_buGCOgXCP-VGHtrsn-StQAgcOXHFcbrOnQ6YsW8oE7fhfm0yZUnqBFWNNBbZ0dAIcXKSvYTlQPVRRTyd9WH-Cw5RLDW1doAxazAYNzSZeZBpv_S4VNRMf8UfOEA-ClZmiEX_pG_-tP_IkPcsP1KbqSDnZd2i8tvoagDiGjw9tcUv721fxVGG31kAplEKegHvi_cu9AOqbmSNVqzeoSgAj1H3dtZYEFZjF4.SSKC-idTENltUFkW3bW1nxCifJv3b5qo5GyhDxbczfU&dib_tag=se&keywords=poco&nsdOptOutParam=true&qid=1747734176&sr=8-45,https://m.media-amazon.com/images/I/31A7qrjO-QL._AC_UY218_.jpg,"₹13,690","₹24,999",
POCO M6 Plus 5G Misty Lavender 8GB RAM 128GB ROM,https://www.amazon.in/POCO-Plus-Misty-Lavender-128GB/dp/B0D9KJXN82/ref=sr_1_46?dib=eyJ2IjoiMSJ9.Mc0pNWAK_buGCOgXCP-VGHtrsn-StQAgcOXHFcbrOnQ6YsW8oE7fhfm0yZUnqBFWNNBbZ0dAIcXKSvYTlQPVRRTyd9WH-Cw5RLDW1doAxazAYNzSZeZBpv_S4VNRMf8UfOEA-ClZmiEX_pG_-tP_IkPcsP1KbqSDnZd2i8tvoagDiGjw9tcUv721fxVGG31kAplEKegHvi_cu9AOqbmSNVqzeoSgAj1H3dtZYEFZjF4.SSKC-idTENltUFkW3bW1nxCifJv3b5qo5GyhDxbczfU&dib_tag=se&keywords=poco&nsdOptOutParam=true&qid=1747734176&sr=8-46,https://m.media-amazon.com/images/I/71vkB1WIouL._AC_UY218_.jpg,"₹12,499","₹17,999",
"POCO X6 5G (Snowstorm White, 8 GB RAM 256 GB Storage)",https://www.amazon.in/POCO-Snowstorm-White-RAM-Storage/dp/B0CSDS6VGW/ref=sr_1_47?dib=eyJ2IjoiMSJ9.Mc0pNWAK_buGCOgXCP-VGHtrsn-StQAgcOXHFcbrOnQ6YsW8oE7fhfm0yZUnqBFWNNBbZ0dAIcXKSvYTlQPVRRTyd9WH-Cw5RLDW1doAxazAYNzSZeZBpv_S4VNRMf8UfOEA-ClZmiEX_pG_-tP_IkPcsP1KbqSDnZd2i8tvoagDiGjw9tcUv721fxVGG31kAplEKegHvi_cu9AOqbmSNVqzeoSgAj1H3dtZYEFZjF4.SSKC-idTENltUFkW3bW1nxCifJv3b5qo5GyhDxbczfU&dib_tag=se&keywords=poco&nsdOptOutParam=true&qid=1747734176&sr=8-47,https://m.media-amazon.com/images/I/51nR5QYbGQL._AC_UY218_.jpg,"₹19,999","₹29,999",
POCO X6 Pro 5G (Racing Grey 12GB RAM 512GB Storage),https://www.amazon.in/POCO-Racing-Grey-512GB-Storage/dp/B0CSDSSY1H/ref=sr_1_48?dib=eyJ2IjoiMSJ9.Mc0pNWAK_buGCOgXCP-VGHtrsn-StQAgcOXHFcbrOnQ6YsW8oE7fhfm0yZUnqBFWNNBbZ0dAIcXKSvYTlQPVRRTyd9WH-Cw5RLDW1doAxazAYNzSZeZBpv_S4VNRMf8UfOEA-ClZmiEX_pG_-tP_IkPcsP1KbqSDnZd2i8tvoagDiGjw9tcUv721fxVGG31kAplEKegHvi_cu9AOqbmSNVqzeoSgAj1H3dtZYEFZjF4.SSKC-idTENltUFkW3bW1nxCifJv3b5qo5GyhDxbczfU&dib_tag=se&keywords=poco&nsdOptOutParam=true&qid=1747734176&sr=8-48,https://m.media-amazon.com/images/I/71AuNiKey2L._AC_UY218_.jpg,"₹25,999.91","₹32,999",
"POCO X7 Pro 5G (Nebula Green, 256 GB) (8 GB RAM)",https://www.amazon.in/POCO-Pro-Nebula-Green-256/dp/B0DT9TGGTT/ref=sr_1_49?dib=eyJ2IjoiMSJ9.Mc0pNWAK_buGCOgXCP-VGHtrsn-StQAgcOXHFcbrOnQ6YsW8oE7fhfm0yZUnqBFWNNBbZ0dAIcXKSvYTlQPVRRTyd9WH-Cw5RLDW1doAxazAYNzSZeZBpv_S4VNRMf8UfOEA-ClZmiEX_pG_-tP_IkPcsP1KbqSDnZd2i8tvoagDiGjw9tcUv721fxVGG31kAplEKegHvi_cu9AOqbmSNVqzeoSgAj1H3dtZYEFZjF4.SSKC-idTENltUFkW3bW1nxCifJv3b5qo5GyhDxbczfU&dib_tag=se&keywords=poco&nsdOptOutParam=true&qid=1747734176&sr=8-49,https://m.media-amazon.com/images/I/51ptsuXotVL._AC_UY218_.jpg,"₹24,499","₹31,999",
"POCO C31 (Shadow Gray, 32 GB) (3 GB RAM)",https://www.amazon.in/POCO-C31-Shadow-Gray-RAM/dp/B09W4P5FNL/ref=sr_1_50?dib=eyJ2IjoiMSJ9.Mc0pNWAK_buGCOgXCP-VGHtrsn-StQAgcOXHFcbrOnQ6YsW8oE7fhfm0yZUnqBFWNNBbZ0dAIcXKSvYTlQPVRRTyd9WH-Cw5RLDW1doAxazAYNzSZeZBpv_S4VNRMf8UfOEA-ClZmiEX_pG_-tP_IkPcsP1KbqSDnZd2i8tvoagDiGjw9tcUv721fxVGG31kAplEKegHvi_cu9AOqbmSNVqzeoSgAj1H3dtZYEFZjF4.SSKC-idTENltUFkW3bW1nxCifJv3b5qo5GyhDxbczfU&dib_tag=se&keywords=poco&nsdOptOutParam=true&qid=1747734176&sr=8-50,https://m.media-amazon.com/images/I/617pSM9WodL._AC_UY218_.jpg,"₹6,580","₹10,999",
"POCO F5 5G (Carbon Black, 256 GB) (12 GB RAM)",https://www.amazon.in/POCO-Carbon-Black-256-RAM/dp/B0CLX296QP/ref=sr_1_51?dib=eyJ2IjoiMSJ9.Mc0pNWAK_buGCOgXCP-VGHtrsn-StQAgcOXHFcbrOnQ6YsW8oE7fhfm0yZUnqBFWNNBbZ0dAIcXKSvYTlQPVRRTyd9WH-Cw5RLDW1doAxazAYNzSZeZBpv_S4VNRMf8UfOEA-ClZmiEX_pG_-tP_IkPcsP1KbqSDnZd2i8tvoagDiGjw9tcUv721fxVGG31kAplEKegHvi_cu9AOqbmSNVqzeoSgAj1H3dtZYEFZjF4.SSKC-idTENltUFkW3bW1nxCifJv3b5qo5GyhDxbczfU&dib_tag=se&keywords=poco&nsdOptOutParam=true&qid=1747734176&sr=8-51,https://m.media-amazon.com/images/I/311m21aq8gL._AC_UY218_.jpg,"₹22,349","₹39,999",
"POCO F4 5G, Night Black (8GB, 128GB)",https://www.amazon.in/POCO-F4-5G-Night-Black/dp/B0DJSKZFLM/ref=sr_1_52?dib=eyJ2IjoiMSJ9.Mc0pNWAK_buGCOgXCP-VGHtrsn-StQAgcOXHFcbrOnQ6YsW8oE7fhfm0yZUnqBFWNNBbZ0dAIcXKSvYTlQPVRRTyd9WH-Cw5RLDW1doAxazAYNzSZeZBpv_S4VNRMf8UfOEA-ClZmiEX_pG_-tP_IkPcsP1KbqSDnZd2i8tvoagDiGjw9tcUv721fxVGG31kAplEKegHvi_cu9AOqbmSNVqzeoSgAj1H3dtZYEFZjF4.SSKC-idTENltUFkW3bW1nxCifJv3b5qo5GyhDxbczfU&dib_tag=se&keywords=poco&nsdOptOutParam=true&qid=1747734176&sr=8-52,https://m.media-amazon.com/images/I/41Um0e4TSBL._AC_UY218_.jpg,"₹17,390","₹34,999",
amazon basics Redmi A4 5G I Poco C75 5G Flip Cover | Card Pockets Wallet & Stand | Flip Cover for Redmi A4 5G I Poco C75 5G (Tan Coffee),https://www.amazon.in/sspa/click?ie=UTF8&spc=MToxMzY4NDU0Njk2MDU4NTIzOjE3NDc3MzQxNzY6c3BfYnRmOjMwMDQ1NTgzNTgzMzMzMjo6MDo6&url=%2Famazon-basics-Redmi-Poco-C75%2Fdp%2FB0DQ4XKQKH%2Fref%3Dsr_1_53_sspa%3Fdib%3DeyJ2IjoiMSJ9.Mc0pNWAK_buGCOgXCP-VGHtrsn-StQAgcOXHFcbrOnQ6YsW8oE7fhfm0yZUnqBFWNNBbZ0dAIcXKSvYTlQPVRRTyd9WH-Cw5RLDW1doAxazAYNzSZeZBpv_S4VNRMf8UfOEA-ClZmiEX_pG_-tP_IkPcsP1KbqSDnZd2i8tvoagDiGjw9tcUv721fxVGG31kAplEKegHvi_cu9AOqbmSNVqzeoSgAj1H3dtZYEFZjF4.SSKC-idTENltUFkW3bW1nxCifJv3b5qo5GyhDxbczfU%26dib_tag%3Dse%26keywords%3Dpoco%26nsdOptOutParam%3Dtrue%26qid%3D1747734176%26sr%3D8-53-spons%26sp_csd%3Dd2lkZ2V0TmFtZT1zcF9idGY%26psc%3D1,https://m.media-amazon.com/images/I/61P1vqBScwL._AC_UY218_.jpg,₹219,₹599,
amazon basics Back Case Cover for Poco M6 Pro 5G (TPU + PC_Transparent),https://www.amazon.in/sspa/click?ie=UTF8&spc=MToxMzY4NDU0Njk2MDU4NTIzOjE3NDc3MzQxNzY6c3BfYnRmOjMwMDEyOTQ0NTU1ODEzMjo6MDo6&url=%2FAmazon-Basics-Back-Cover-PC_Transparent%2Fdp%2FB0CSPCKJFC%2Fref%3Dsr_1_54_sspa%3Fdib%3DeyJ2IjoiMSJ9.Mc0pNWAK_buGCOgXCP-VGHtrsn-StQAgcOXHFcbrOnQ6YsW8oE7fhfm0yZUnqBFWNNBbZ0dAIcXKSvYTlQPVRRTyd9WH-Cw5RLDW1doAxazAYNzSZeZBpv_S4VNRMf8UfOEA-ClZmiEX_pG_-tP_IkPcsP1KbqSDnZd2i8tvoagDiGjw9tcUv721fxVGG31kAplEKegHvi_cu9AOqbmSNVqzeoSgAj1H3dtZYEFZjF4.SSKC-idTENltUFkW3bW1nxCifJv3b5qo5GyhDxbczfU%26dib_tag%3Dse%26keywords%3Dpoco%26nsdOptOutParam%3Dtrue%26qid%3D1747734176%26sr%3D8-54-spons%26sp_csd%3Dd2lkZ2V0TmFtZT1zcF9idGY%26psc%3D1,https://m.media-amazon.com/images/I/71XLxUuKEcL._AC_UY218_.jpg,₹169,₹899,
"Tecno POP 9 5G Aurora Cloud, 4GB+64GB| Segment's 1st 48MP Sony AI Camera| Segment's 1st 5G with NFC | D6300 5G Processor |4+ Year Lag Free Fluency |5000 mAh Battery |Dual Speaker |Without Charger",https://www.amazon.in/sspa/click?ie=UTF8&spc=MTo3NzQxNDE1NjkzNTM3NjU2OjE3NDc3MzQxODI6c3BfYXRmX25leHQ6MzAwMzQxMzY1OTUzMzMyOjowOjo&url=%2FTecno-Segments-Processor-Fluency-Battery%2Fdp%2FB0DGMFVQ8Q%2Fref%3Dsr_1_49_sspa%3Fdib%3DeyJ2IjoiMSJ9.HuMnHKXjJnQHweFwPnVFvGBmcdiQhWSx1f5fV2OcRIeR-r40MBzpD2YqG6emWCvebUM57-wJezegU9W1xLR7i0GMcleXtdArjnu-P6vcGt_psX24GcuGs4CGaYBNiyR8M5K_y05ZnMCKJEhDg_LFszgbi7Fz7vOETRhqrAqqXf8ORexrGKwMDU3sxPINAM0rTEceDUIGZXUVTrGP5-IYEMFnVe102K0E7J9PxtG1Jh0.zogybljcAjgIcgSBBj3F0Dxr7N-SbQ4TLlV5lcbn8bY%26dib_tag%3Dse%26keywords%3Dpoco%26nsdOptOutParam%3Dtrue%26qid%3D1747734182%26sr%3D8-49-spons%26sp_csd%3Dd2lkZ2V0TmFtZT1zcF9hdGZfbmV4dA%26psc%3D1,https://m.media-amazon.com/images/I/61slka5EkAL._AC_UY218_.jpg,"₹7,499","₹11,999",
"Fire-Boltt 4G Pro Volte Calling Smart Watch- 2.02” TFT Display, 4G Nano-SIM GPS, Health Suite, Sports Modes, 400mAh Battery (Black)",https://www.amazon.in/sspa/click?ie=UTF8&spc=MTo3NzQxNDE1NjkzNTM3NjU2OjE3NDc3MzQxODI6c3BfYXRmX25leHQ6MzAwMTg4Nzk0NDkyNDMyOjowOjo&url=%2FFire-Boltt-Calling-Display-Nano-SIM-Battery%2Fdp%2FB0CXXDG3LS%2Fref%3Dsr_1_50_sspa%3Fdib%3DeyJ2IjoiMSJ9.HuMnHKXjJnQHweFwPnVFvGBmcdiQhWSx1f5fV2OcRIeR-r40MBzpD2YqG6emWCvebUM57-wJezegU9W1xLR7i0GMcleXtdArjnu-P6vcGt_psX24GcuGs4CGaYBNiyR8M5K_y05ZnMCKJEhDg_LFszgbi7Fz7vOETRhqrAqqXf8ORexrGKwMDU3sxPINAM0rTEceDUIGZXUVTrGP5-IYEMFnVe102K0E7J9PxtG1Jh0.zogybljcAjgIcgSBBj3F0Dxr7N-SbQ4TLlV5lcbn8bY%26dib_tag%3Dse%26keywords%3Dpoco%26nsdOptOutParam%3Dtrue%26qid%3D1747734182%26sr%3D8-50-spons%26sp_csd%3Dd2lkZ2V0TmFtZT1zcF9hdGZfbmV4dA%26psc%3D1,https://m.media-amazon.com/images/I/71aJJQtVnoL._AC_UY218_.jpg,"₹1,949","₹19,999",
"POCO M6 Pro 5G (Power Black, 6GB RAM, 128GB Storage) | Snapdragon 4 Gen 2 | 6.79"" Large Screen with 90Hz Refresh Rate | 50 MP Dual AI Camera",https://www.amazon.in/POCO-Power-Black-128GB-Storage/dp/B0CDRVG19T/ref=sr_1_51?dib=eyJ2IjoiMSJ9.HuMnHKXjJnQHweFwPnVFvGBmcdiQhWSx1f5fV2OcRIeR-r40MBzpD2YqG6emWCvebUM57-wJezegU9W1xLR7i0GMcleXtdArjnu-P6vcGt_psX24GcuGs4CGaYBNiyR8M5K_y05ZnMCKJEhDg_LFszgbi7Fz7vOETRhqrAqqXf8ORexrGKwMDU3sxPINAM0rTEceDUIGZXUVTrGP5-IYEMFnVe102K0E7J9PxtG1Jh0.zogybljcAjgIcgSBBj3F0Dxr7N-SbQ4TLlV5lcbn8bY&dib_tag=se&keywords=poco&nsdOptOutParam=true&qid=1747734182&sr=8-51,https://m.media-amazon.com/images/I/51dGqSFNrDL._AC_UY218_.jpg,"₹12,990","₹16,999",
"POCO M6 Pro 5G (Power Black, 4GB RAM, 128GB Storage) | Snapdragon 4 Gen 2 | 6.79"" Large Screen with 90Hz Refresh Rate | 50 MP Dual AI Camera",https://www.amazon.in/POCO-Power-Black-128GB-Storage/dp/B0CJ6T135W/ref=sr_1_52?dib=eyJ2IjoiMSJ9.HuMnHKXjJnQHweFwPnVFvGBmcdiQhWSx1f5fV2OcRIeR-r40MBzpD2YqG6emWCvebUM57-wJezegU9W1xLR7i0GMcleXtdArjnu-P6vcGt_psX24GcuGs4CGaYBNiyR8M5K_y05ZnMCKJEhDg_LFszgbi7Fz7vOETRhqrAqqXf8ORexrGKwMDU3sxPINAM0rTEceDUIGZXUVTrGP5-IYEMFnVe102K0E7J9PxtG1Jh0.zogybljcAjgIcgSBBj3F0Dxr7N-SbQ4TLlV5lcbn8bY&dib_tag=se&keywords=poco&nsdOptOutParam=true&qid=1747734182&sr=8-52,https://m.media-amazon.com/images/I/51dGqSFNrDL._AC_UY218_.jpg,"₹10,499","₹15,999",
"itel ZENO 10|6.6"" HD+ Display with Dynamic Bar| 3GB RAM + 64GB ROM, Upto 8GB RAM with Memory Fusion|Octacore Processor|8MP AI Dual Rear Cam|5000 mAh Battery | Phantom Crystal",https://www.amazon.in/ZENO-10-Display-Octacore-Processor/dp/B0DQWR6WXH/ref=sr_1_53?dib=eyJ2IjoiMSJ9.HuMnHKXjJnQHweFwPnVFvGBmcdiQhWSx1f5fV2OcRIeR-r40MBzpD2YqG6emWCvebUM57-wJezegU9W1xLR7i0GMcleXtdArjnu-P6vcGt_psX24GcuGs4CGaYBNiyR8M5K_y05ZnMCKJEhDg_LFszgbi7Fz7vOETRhqrAqqXf8ORexrGKwMDU3sxPINAM0rTEceDUIGZXUVTrGP5-IYEMFnVe102K0E7J9PxtG1Jh0.zogybljcAjgIcgSBBj3F0Dxr7N-SbQ4TLlV5lcbn8bY&dib_tag=se&keywords=poco&nsdOptOutParam=true&qid=1747734182&sr=8-53,https://m.media-amazon.com/images/I/61EwV891aQL._AC_UY218_.jpg,"₹5,998","₹6,899",
"POCO X6 Neo 5G (Horizon Blue, 8GB RAM, 128GB Storage) | Dimensity 6080 Processor | 5000 mAh Battery + 33W Fast Charging | 108MP + 2MP Rear Camera & 16MP Front Camera",https://www.amazon.in/POCO-Horizon-Dimensity-Processor-Charging/dp/B0CY9BQ3Q6/ref=sr_1_54?dib=eyJ2IjoiMSJ9.HuMnHKXjJnQHweFwPnVFvGBmcdiQhWSx1f5fV2OcRIeR-r40MBzpD2YqG6emWCvebUM57-wJezegU9W1xLR7i0GMcleXtdArjnu-P6vcGt_psX24GcuGs4CGaYBNiyR8M5K_y05ZnMCKJEhDg_LFszgbi7Fz7vOETRhqrAqqXf8ORexrGKwMDU3sxPINAM0rTEceDUIGZXUVTrGP5-IYEMFnVe102K0E7J9PxtG1Jh0.zogybljcAjgIcgSBBj3F0Dxr7N-SbQ4TLlV5lcbn8bY&dib_tag=se&keywords=poco&nsdOptOutParam=true&qid=1747734182&sr=8-54,https://m.media-amazon.com/images/I/714PgXMVpQL._AC_UY218_.jpg,"₹14,899","₹19,999",
POCO X7 5G Cosmic Silver 8GB RAM 128GB ROM,https://www.amazon.in/POCO-Cosmic-Silver-8GB-128GB/dp/B0DT9R6M94/ref=sr_1_55?dib=eyJ2IjoiMSJ9.HuMnHKXjJnQHweFwPnVFvGBmcdiQhWSx1f5fV2OcRIeR-r40MBzpD2YqG6emWCvebUM57-wJezegU9W1xLR7i0GMcleXtdArjnu-P6vcGt_psX24GcuGs4CGaYBNiyR8M5K_y05ZnMCKJEhDg_LFszgbi7Fz7vOETRhqrAqqXf8ORexrGKwMDU3sxPINAM0rTEceDUIGZXUVTrGP5-IYEMFnVe102K0E7J9PxtG1Jh0.zogybljcAjgIcgSBBj3F0Dxr7N-SbQ4TLlV5lcbn8bY&dib_tag=se&keywords=poco&nsdOptOutParam=true&qid=1747734182&sr=8-55,https://m.media-amazon.com/images/I/51c3YhrCHxL._AC_UY218_.jpg,"₹18,998","₹24,999",
"realme NARZO N61 (Marble Black, 4GB RAM+64GB Storage) 90Hz Eye Comfort Display | IP54 Dust & Water Resistance | 48-Month Fluency | Charger in The Box",https://www.amazon.in/realme-Storage-Comfort-Resistance-48-Month/dp/B0D9455CRW/ref=sr_1_56?dib=eyJ2IjoiMSJ9.HuMnHKXjJnQHweFwPnVFvGBmcdiQhWSx1f5fV2OcRIeR-r40MBzpD2YqG6emWCvebUM57-wJezegU9W1xLR7i0GMcleXtdArjnu-P6vcGt_psX24GcuGs4CGaYBNiyR8M5K_y05ZnMCKJEhDg_LFszgbi7Fz7vOETRhqrAqqXf8ORexrGKwMDU3sxPINAM0rTEceDUIGZXUVTrGP5-IYEMFnVe102K0E7J9PxtG1Jh0.zogybljcAjgIcgSBBj3F0Dxr7N-SbQ4TLlV5lcbn8bY&dib_tag=se&keywords=poco&nsdOptOutParam=true&qid=1747734182&sr=8-56,https://m.media-amazon.com/images/I/71EN6N9kUEL._AC_UY218_.jpg,"₹7,498","₹8,999",
"Poco X3 Pro(Steel Blue, 8GB RAM, 128GB Storage)",https://www.amazon.in/Poco-Steel-Blue-128GB-Storage/dp/B09DFQ6GSK/ref=sr_1_57?dib=eyJ2IjoiMSJ9.HuMnHKXjJnQHweFwPnVFvGBmcdiQhWSx1f5fV2OcRIeR-r40MBzpD2YqG6emWCvebUM57-wJezegU9W1xLR7i0GMcleXtdArjnu-P6vcGt_psX24GcuGs4CGaYBNiyR8M5K_y05ZnMCKJEhDg_LFszgbi7Fz7vOETRhqrAqqXf8ORexrGKwMDU3sxPINAM0rTEceDUIGZXUVTrGP5-IYEMFnVe102K0E7J9PxtG1Jh0.zogybljcAjgIcgSBBj3F0Dxr7N-SbQ4TLlV5lcbn8bY&dib_tag=se&keywords=poco&nsdOptOutParam=true&qid=1747734182&sr=8-57,https://m.media-amazon.com/images/I/31f1QZweeuL._AC_UY218_.jpg,"₹13,090","₹25,999",
"Redmi A3X (Midnight Black, 3GB RAM, 64GB Storage) | Premium Halo Design | 90Hz Display | Powerful Octa Core Processor",https://www.amazon.in/Redmi-Midnight-Storage-Powerful-Processor/dp/B0D78VYHPY/ref=sr_1_58?dib=eyJ2IjoiMSJ9.HuMnHKXjJnQHweFwPnVFvGBmcdiQhWSx1f5fV2OcRIeR-r40MBzpD2YqG6emWCvebUM57-wJezegU9W1xLR7i0GMcleXtdArjnu-P6vcGt_psX24GcuGs4CGaYBNiyR8M5K_y05ZnMCKJEhDg_LFszgbi7Fz7vOETRhqrAqqXf8ORexrGKwMDU3sxPINAM0rTEceDUIGZXUVTrGP5-IYEMFnVe102K0E7J9PxtG1Jh0.zogybljcAjgIcgSBBj3F0Dxr7N-SbQ4TLlV5lcbn8bY&dib_tag=se&keywords=poco&nsdOptOutParam=true&qid=1747734182&sr=8-58,https://m.media-amazon.com/images/I/714GaXJHGGL._AC_UY218_.jpg,,,
Cascov Redmi A3 / A3X / Poco C61 CamShield Pro Case with Slide Camera Protection and Ring Stand Mobile Phone Back Case Cover for Xiaomi Redmi A3 / A3X / Poco C61 (Black),https://www.amazon.in/sspa/click?ie=UTF8&spc=MTo3NzQxNDE1NjkzNTM3NjU2OjE3NDc3MzQxODI6c3BfbXRmOjMwMDUyODY1MjE1MDQzMjo6MDo6&url=%2FCascov-Redmi-A3X-Poco-Xiaomi%2Fdp%2FB0DJDGYYY8%2Fref%3Dsr_1_59_sspa%3Fdib%3DeyJ2IjoiMSJ9.HuMnHKXjJnQHweFwPnVFvGBmcdiQhWSx1f5fV2OcRIeR-r40MBzpD2YqG6emWCvebUM57-wJezegU9W1xLR7i0GMcleXtdArjnu-P6vcGt_psX24GcuGs4CGaYBNiyR8M5K_y05ZnMCKJEhDg_LFszgbi7Fz7vOETRhqrAqqXf8ORexrGKwMDU3sxPINAM0rTEceDUIGZXUVTrGP5-IYEMFnVe102K0E7J9PxtG1Jh0.zogybljcAjgIcgSBBj3F0Dxr7N-SbQ4TLlV5lcbn8bY%26dib_tag%3Dse%26keywords%3Dpoco%26nsdOptOutParam%3Dtrue%26qid%3D1747734182%26sr%3D8-59-spons%26sp_csd%3Dd2lkZ2V0TmFtZT1zcF9tdGY%26psc%3D1,https://m.media-amazon.com/images/I/51-v9g8b2EL._AC_UY218_.jpg,₹399,₹999,
"Zapcase Back Case Cover for Mi Redmi K30 / Poco X2 (TPU, Polycarbonate_Matte Black)",https://www.amazon.in/sspa/click?ie=UTF8&spc=MTo3NzQxNDE1NjkzNTM3NjU2OjE3NDc3MzQxODI6c3BfbXRmOjMwMDUxNDUyMjA1ODMzMjo6MDo6&url=%2FZapcase-Cover-Compatible-Camera-Protection%2Fdp%2FB0BJF9B721%2Fref%3Dsr_1_60_sspa%3Fdib%3DeyJ2IjoiMSJ9.HuMnHKXjJnQHweFwPnVFvGBmcdiQhWSx1f5fV2OcRIeR-r40MBzpD2YqG6emWCvebUM57-wJezegU9W1xLR7i0GMcleXtdArjnu-P6vcGt_psX24GcuGs4CGaYBNiyR8M5K_y05ZnMCKJEhDg_LFszgbi7Fz7vOETRhqrAqqXf8ORexrGKwMDU3sxPINAM0rTEceDUIGZXUVTrGP5-IYEMFnVe102K0E7J9PxtG1Jh0.zogybljcAjgIcgSBBj3F0Dxr7N-SbQ4TLlV5lcbn8bY%26dib_tag%3Dse%26keywords%3Dpoco%26nsdOptOutParam%3Dtrue%26qid%3D1747734182%26sr%3D8-60-spons%26sp_csd%3Dd2lkZ2V0TmFtZT1zcF9tdGY%26psc%3D1,https://m.media-amazon.com/images/I/71QZYt2HdYL._AC_UY218_.jpg,₹169,₹399,
"POCO M6 5G (Galactic Black, 4GB RAM, 128GB Storage) | MediaTek Dimensity 6100+ 5G Processor | 5000 mAh Battery + 18W Fast Charging | 50 MP AI Dual-Camera System & Side Fingerprint Sensor",https://www.amazon.in/POCO-Dimensity-Processor-Dual-Camera-Fingerprint/dp/B0CQVSPVR7/ref=sr_1_61?dib=eyJ2IjoiMSJ9.HuMnHKXjJnQHweFwPnVFvGBmcdiQhWSx1f5fV2OcRIeR-r40MBzpD2YqG6emWCvebUM57-wJezegU9W1xLR7i0GMcleXtdArjnu-P6vcGt_psX24GcuGs4CGaYBNiyR8M5K_y05ZnMCKJEhDg_LFszgbi7Fz7vOETRhqrAqqXf8ORexrGKwMDU3sxPINAM0rTEceDUIGZXUVTrGP5-IYEMFnVe102K0E7J9PxtG1Jh0.zogybljcAjgIcgSBBj3F0Dxr7N-SbQ4TLlV5lcbn8bY&dib_tag=se&keywords=poco&nsdOptOutParam=true&qid=1747734182&sr=8-61,https://m.media-amazon.com/images/I/717hl0-ljZL._AC_UY218_.jpg,"₹9,479","₹12,999",
"POCO X7 Pro 5G, Yellow (12GB, 256GB)",https://www.amazon.in/POCO-Pro-Yellow-12GB-256GB/dp/B0F29J3KRB/ref=sr_1_62?dib=eyJ2IjoiMSJ9.HuMnHKXjJnQHweFwPnVFvGBmcdiQhWSx1f5fV2OcRIeR-r40MBzpD2YqG6emWCvebUM57-wJezegU9W1xLR7i0GMcleXtdArjnu-P6vcGt_psX24GcuGs4CGaYBNiyR8M5K_y05ZnMCKJEhDg_LFszgbi7Fz7vOETRhqrAqqXf8ORexrGKwMDU3sxPINAM0rTEceDUIGZXUVTrGP5-IYEMFnVe102K0E7J9PxtG1Jh0.zogybljcAjgIcgSBBj3F0Dxr7N-SbQ4TLlV5lcbn8bY&dib_tag=se&keywords=poco&nsdOptOutParam=true&qid=1747734182&sr=8-62,https://m.media-amazon.com/images/I/51pPIQ8epkL._AC_UY218_.jpg,"₹26,999","₹33,999",
"Redmi A4 5G (Sparkle Purple, 4GB RAM, 64GB Storage) | Global Debut SD 4s Gen 2 | Segment Largest 6.88in 120Hz | 50MP Dual Camera | 18W Fast Charging",https://www.amazon.in/Redmi-A4-5G-Sparkle-Charging/dp/B0DLW427YG/ref=sr_1_63?dib=eyJ2IjoiMSJ9.HuMnHKXjJnQHweFwPnVFvGBmcdiQhWSx1f5fV2OcRIeR-r40MBzpD2YqG6emWCvebUM57-wJezegU9W1xLR7i0GMcleXtdArjnu-P6vcGt_psX24GcuGs4CGaYBNiyR8M5K_y05ZnMCKJEhDg_LFszgbi7Fz7vOETRhqrAqqXf8ORexrGKwMDU3sxPINAM0rTEceDUIGZXUVTrGP5-IYEMFnVe102K0E7J9PxtG1Jh0.zogybljcAjgIcgSBBj3F0Dxr7N-SbQ4TLlV5lcbn8bY&dib_tag=se&keywords=poco&nsdOptOutParam=true&qid=1747734182&sr=8-63,https://m.media-amazon.com/images/I/81BGKLI+cWL._AC_UY218_.jpg,"₹7,999","₹10,999",
"POCO M7 Pro 5G, Olive Twilight (6GB, 128GB)",https://www.amazon.in/POCO-Pro-Olive-Twilight-128GB/dp/B0DR5HMT9M/ref=sr_1_64?dib=eyJ2IjoiMSJ9.HuMnHKXjJnQHweFwPnVFvGBmcdiQhWSx1f5fV2OcRIeR-r40MBzpD2YqG6emWCvebUM57-wJezegU9W1xLR7i0GMcleXtdArjnu-P6vcGt_psX24GcuGs4CGaYBNiyR8M5K_y05ZnMCKJEhDg_LFszgbi7Fz7vOETRhqrAqqXf8ORexrGKwMDU3sxPINAM0rTEceDUIGZXUVTrGP5-IYEMFnVe102K0E7J9PxtG1Jh0.zogybljcAjgIcgSBBj3F0Dxr7N-SbQ4TLlV5lcbn8bY&dib_tag=se&keywords=poco&nsdOptOutParam=true&qid=1747734182&sr=8-64,https://m.media-amazon.com/images/I/5191dDd7hsL._AC_UY218_.jpg,"₹13,583","₹18,999",
"POCO M7 Pro 5G, Olive Twilight (8GB, 256GB)",https://www.amazon.in/POCO-Pro-Olive-Twilight-256GB/dp/B0DR5GTXVK/ref=sr_1_65?dib=eyJ2IjoiMSJ9.HuMnHKXjJnQHweFwPnVFvGBmcdiQhWSx1f5fV2OcRIeR-r40MBzpD2YqG6emWCvebUM57-wJezegU9W1xLR7i0GMcleXtdArjnu-P6vcGt_psX24GcuGs4CGaYBNiyR8M5K_y05ZnMCKJEhDg_LFszgbi7Fz7vOETRhqrAqqXf8ORexrGKwMDU3sxPINAM0rTEceDUIGZXUVTrGP5-IYEMFnVe102K0E7J9PxtG1Jh0.zogybljcAjgIcgSBBj3F0Dxr7N-SbQ4TLlV5lcbn8bY&dib_tag=se&keywords=poco&nsdOptOutParam=true&qid=1747734182&sr=8-65,https://m.media-amazon.com/images/I/5191dDd7hsL._AC_UY218_.jpg,"₹15,990","₹20,999",
"realme NARZO N61 (Marble Black,6GB RAM+128GB Storage) 90Hz Eye Comfort Display | IP54 Dust & Water Resistance | 48-Month Fluency | Charger in The Box",https://www.amazon.in/realme-Storage-Comfort-Resistance-48-Month/dp/B0D9482G3M/ref=sr_1_66?dib=eyJ2IjoiMSJ9.HuMnHKXjJnQHweFwPnVFvGBmcdiQhWSx1f5fV2OcRIeR-r40MBzpD2YqG6emWCvebUM57-wJezegU9W1xLR7i0GMcleXtdArjnu-P6vcGt_psX24GcuGs4CGaYBNiyR8M5K_y05ZnMCKJEhDg_LFszgbi7Fz7vOETRhqrAqqXf8ORexrGKwMDU3sxPINAM0rTEceDUIGZXUVTrGP5-IYEMFnVe102K0E7J9PxtG1Jh0.zogybljcAjgIcgSBBj3F0Dxr7N-SbQ4TLlV5lcbn8bY&dib_tag=se&keywords=poco&nsdOptOutParam=true&qid=1747734182&sr=8-66,https://m.media-amazon.com/images/I/71EN6N9kUEL._AC_UY218_.jpg,"₹8,498","₹10,999",
"POCO M2 Reloaded (Greyish Black, 64 GB) (4 GB RAM)",https://www.amazon.in/POCO-Reloaded-Greyish-Black-RAM/dp/B09H1ZN8XM/ref=sr_1_67?dib=eyJ2IjoiMSJ9.HuMnHKXjJnQHweFwPnVFvGBmcdiQhWSx1f5fV2OcRIeR-r40MBzpD2YqG6emWCvebUM57-wJezegU9W1xLR7i0GMcleXtdArjnu-P6vcGt_psX24GcuGs4CGaYBNiyR8M5K_y05ZnMCKJEhDg_LFszgbi7Fz7vOETRhqrAqqXf8ORexrGKwMDU3sxPINAM0rTEceDUIGZXUVTrGP5-IYEMFnVe102K0E7J9PxtG1Jh0.zogybljcAjgIcgSBBj3F0Dxr7N-SbQ4TLlV5lcbn8bY&dib_tag=se&keywords=poco&nsdOptOutParam=true&qid=1747734182&sr=8-67,https://m.media-amazon.com/images/I/31Aa+VgE+5L._AC_UY218_.jpg,"₹7,200","₹11,999",
"iQOO Z9 Lite 5G (Aqua Flow, 6GB RAM, 128GB Storage) | Dimensity 6300 5G | 50MP Sony AI Camera | Charger in The Box",https://www.amazon.in/iQOO-Storage-Dimensity-Camera-Charger/dp/B07WHSNYL5/ref=sr_1_68?dib=eyJ2IjoiMSJ9.HuMnHKXjJnQHweFwPnVFvGBmcdiQhWSx1f5fV2OcRIeR-r40MBzpD2YqG6emWCvebUM57-wJezegU9W1xLR7i0GMcleXtdArjnu-P6vcGt_psX24GcuGs4CGaYBNiyR8M5K_y05ZnMCKJEhDg_LFszgbi7Fz7vOETRhqrAqqXf8ORexrGKwMDU3sxPINAM0rTEceDUIGZXUVTrGP5-IYEMFnVe102K0E7J9PxtG1Jh0.zogybljcAjgIcgSBBj3F0Dxr7N-SbQ4TLlV5lcbn8bY&dib_tag=se&keywords=poco&nsdOptOutParam=true&qid=1747734182&sr=8-68,https://m.media-amazon.com/images/I/61WZicN+coL._AC_UY218_.jpg,"₹11,498","₹15,499",
Zapcase Back Case Cover for Poco X3 / Poco X3 Pro | Compatible for Poco X3 / Poco X3 Pro Back Cover | Liquid Silicon Magic Case with Camera Protection | Sapphire,https://www.amazon.in/sspa/click?ie=UTF8&spc=MTo3NzQxNDE1NjkzNTM3NjU2OjE3NDc3MzQxODI6c3BfYnRmOjMwMDQxODYwMDk0NDAzMjo6MDo6&url=%2FZapcase-Compatible-Silicon-Protection-Sapphire%2Fdp%2FB0BXSZZ58K%2Fref%3Dsr_1_69_sspa%3Fdib%3DeyJ2IjoiMSJ9.HuMnHKXjJnQHweFwPnVFvGBmcdiQhWSx1f5fV2OcRIeR-r40MBzpD2YqG6emWCvebUM57-wJezegU9W1xLR7i0GMcleXtdArjnu-P6vcGt_psX24GcuGs4CGaYBNiyR8M5K_y05ZnMCKJEhDg_LFszgbi7Fz7vOETRhqrAqqXf8ORexrGKwMDU3sxPINAM0rTEceDUIGZXUVTrGP5-IYEMFnVe102K0E7J9PxtG1Jh0.zogybljcAjgIcgSBBj3F0Dxr7N-SbQ4TLlV5lcbn8bY%26dib_tag%3Dse%26keywords%3Dpoco%26nsdOptOutParam%3Dtrue%26qid%3D1747734182%26sr%3D8-69-spons%26sp_csd%3Dd2lkZ2V0TmFtZT1zcF9idGY%26psc%3D1,https://m.media-amazon.com/images/I/81+JVYc0M2L._AC_UY218_.jpg,₹269,₹899,
"Spigen Essential Sand Blast for Xiaomi Poco X5 5G/Redmi Note 12 5G Case, Poco X5 5G/Redmi Note 12 5G Back Cover - Matte Black",https://www.amazon.in/sspa/click?ie=UTF8&spc=MTo3NzQxNDE1NjkzNTM3NjU2OjE3NDc3MzQxODI6c3BfYnRmOjMwMDQyMjA1NTAxNTczMjo6MDo6&url=%2FSpigen-Essential-Blast-Cover-Compatible%2Fdp%2FB0BRX7RWMB%2Fref%3Dsr_1_70_sspa%3Fdib%3DeyJ2IjoiMSJ9.HuMnHKXjJnQHweFwPnVFvGBmcdiQhWSx1f5fV2OcRIeR-r40MBzpD2YqG6emWCvebUM57-wJezegU9W1xLR7i0GMcleXtdArjnu-P6vcGt_psX24GcuGs4CGaYBNiyR8M5K_y05ZnMCKJEhDg_LFszgbi7Fz7vOETRhqrAqqXf8ORexrGKwMDU3sxPINAM0rTEceDUIGZXUVTrGP5-IYEMFnVe102K0E7J9PxtG1Jh0.zogybljcAjgIcgSBBj3F0Dxr7N-SbQ4TLlV5lcbn8bY%26dib_tag%3Dse%26keywords%3Dpoco%26nsdOptOutParam%3Dtrue%26qid%3D1747734182%26sr%3D8-70-spons%26sp_csd%3Dd2lkZ2V0TmFtZT1zcF9idGY%26psc%3D1,https://m.media-amazon.com/images/I/81Ouwc5NkJL._AC_UY218_.jpg,₹599,₹799,"Buy 2 items, get 3% off"
"Tecno POP 9 5G Midnight Shadow, 4GB+64GB| Segment's 1st 48MP Sony AI Camera| Segment's 1st 5G with NFC | D6300 5G Processor |4+ Year Lag Free Fluency |5000 mAh Battery |Dual Speaker |Without Charger",https://www.amazon.in/sspa/click?ie=UTF8&spc=MToxNzkwODU3NzM4MzQ2MDI5OjE3NDc3MzQxODg6c3BfYXRmX25leHQ6MzAwMzQxMzY1OTUzNTMyOjowOjo&url=%2FTecno-Midnight-Segments-Processor-Fluency%2Fdp%2FB0DGMDKWG6%2Fref%3Dsr_1_65_sspa%3Fdib%3DeyJ2IjoiMSJ9.cj_DfCVFF_LeOFJJC12RsFVv4_OTQyh5EwQfMsYjyt6kNBUOi8HKiF4fA4760Mxejxw9Jc9T5Je283csHpipWKpZyJEsLnk4A60EQ4uFW5AGYZCp_m07pTyxMhar7tGcuXqBJBJYBoHMkXP137zacZlTFLJUulUAh8lJNLLqVEYKQoBlSyqMAT043-8BFyGzV3wMlKk09u9NgyvJBvYFjtF0UMtuK5wzcv2JA-kXx_s.L2IOca0fGIskRdnaZX9sJaXYow-gfUeedCiMGIM0uvc%26dib_tag%3Dse%26keywords%3Dpoco%26nsdOptOutParam%3Dtrue%26qid%3D1747734188%26sr%3D8-65-spons%26sp_csd%3Dd2lkZ2V0TmFtZT1zcF9hdGZfbmV4dA%26psc%3D1,https://m.media-amazon.com/images/I/61k5lD6KmuL._AC_UY218_.jpg,"₹7,499","₹11,999",
"Spigen Rugged Armor for Xiaomi Poco X6 5G/Redmi Note 13 Pro 5G Case, Poco X6 5G/Redmi Note 13 Pro 5G Back Cover - Matte Black",https://www.amazon.in/sspa/click?ie=UTF8&spc=MToxNzkwODU3NzM4MzQ2MDI5OjE3NDc3MzQxODg6c3BfYXRmX25leHQ6MzAwNDExNjU5NzQ4NDMyOjowOjo&url=%2FSpigen-Rugged-Armor-Cover-Compatible%2Fdp%2FB0CLT84DMC%2Fref%3Dsr_1_66_sspa%3Fdib%3DeyJ2IjoiMSJ9.cj_DfCVFF_LeOFJJC12RsFVv4_OTQyh5EwQfMsYjyt6kNBUOi8HKiF4fA4760Mxejxw9Jc9T5Je283csHpipWKpZyJEsLnk4A60EQ4uFW5AGYZCp_m07pTyxMhar7tGcuXqBJBJYBoHMkXP137zacZlTFLJUulUAh8lJNLLqVEYKQoBlSyqMAT043-8BFyGzV3wMlKk09u9NgyvJBvYFjtF0UMtuK5wzcv2JA-kXx_s.L2IOca0fGIskRdnaZX9sJaXYow-gfUeedCiMGIM0uvc%26dib_tag%3Dse%26keywords%3Dpoco%26nsdOptOutParam%3Dtrue%26qid%3D1747734188%26sr%3D8-66-spons%26sp_csd%3Dd2lkZ2V0TmFtZT1zcF9hdGZfbmV4dA%26psc%3D1,https://m.media-amazon.com/images/I/61TV0UPhX+L._AC_UY218_.jpg,₹899,"₹1,499","Buy 2 items, get 3% off"
"Redmi A4 5G (Starry Black, 4GB RAM, 64GB Storage) | Global Debut SD 4s Gen 2 | Segment Largest 6.88in 120Hz | 50MP Dual Camera | 18W Fast Charging",https://www.amazon.in/Redmi-Storage-Segment-Largest-Charging/dp/B0DLW1L5PR/ref=sr_1_67?dib=eyJ2IjoiMSJ9.cj_DfCVFF_LeOFJJC12RsFVv4_OTQyh5EwQfMsYjyt6kNBUOi8HKiF4fA4760Mxejxw9Jc9T5Je283csHpipWKpZyJEsLnk4A60EQ4uFW5AGYZCp_m07pTyxMhar7tGcuXqBJBJYBoHMkXP137zacZlTFLJUulUAh8lJNLLqVEYKQoBlSyqMAT043-8BFyGzV3wMlKk09u9NgyvJBvYFjtF0UMtuK5wzcv2JA-kXx_s.L2IOca0fGIskRdnaZX9sJaXYow-gfUeedCiMGIM0uvc&dib_tag=se&keywords=poco&nsdOptOutParam=true&qid=1747734188&sr=8-67,https://m.media-amazon.com/images/I/718HzJbvY1L._AC_UY218_.jpg,"₹7,999","₹10,999",
"TECNO POVA 6 NEO 5G (Midnight Shadow, 8GB+256GB) | Advanced AI Features | 108MP Ultra Clear AI Camera | D6300 Powerful Processor | 5 Year Lag Free Fluency | 5000 mAh Battery | InBuilt Infrared and NFC",https://www.amazon.in/Midnight-Advanced-Features-Powerful-Processor/dp/B0DCZL2R8L/ref=sr_1_68?dib=eyJ2IjoiMSJ9.cj_DfCVFF_LeOFJJC12RsFVv4_OTQyh5EwQfMsYjyt6kNBUOi8HKiF4fA4760Mxejxw9Jc9T5Je283csHpipWKpZyJEsLnk4A60EQ4uFW5AGYZCp_m07pTyxMhar7tGcuXqBJBJYBoHMkXP137zacZlTFLJUulUAh8lJNLLqVEYKQoBlSyqMAT043-8BFyGzV3wMlKk09u9NgyvJBvYFjtF0UMtuK5wzcv2JA-kXx_s.L2IOca0fGIskRdnaZX9sJaXYow-gfUeedCiMGIM0uvc&dib_tag=se&keywords=poco&nsdOptOutParam=true&qid=1747734188&sr=8-68,https://m.media-amazon.com/images/I/618xXkEGjGL._AC_UY218_.jpg,"₹12,999","₹16,999",
"POCO X7 5G 8GB RAM|128GB ROM|6.67"" Curved AMOLED|50MP Sony AI Camera|5500mAh Battery (Yellow)",https://www.amazon.in/POCO-Curved-AMOLED-5500mAh-Battery/dp/B0DTJZPNF9/ref=sr_1_69?dib=eyJ2IjoiMSJ9.cj_DfCVFF_LeOFJJC12RsFVv4_OTQyh5EwQfMsYjyt6kNBUOi8HKiF4fA4760Mxejxw9Jc9T5Je283csHpipWKpZyJEsLnk4A60EQ4uFW5AGYZCp_m07pTyxMhar7tGcuXqBJBJYBoHMkXP137zacZlTFLJUulUAh8lJNLLqVEYKQoBlSyqMAT043-8BFyGzV3wMlKk09u9NgyvJBvYFjtF0UMtuK5wzcv2JA-kXx_s.L2IOca0fGIskRdnaZX9sJaXYow-gfUeedCiMGIM0uvc&dib_tag=se&keywords=poco&nsdOptOutParam=true&qid=1747734188&sr=8-69,https://m.media-amazon.com/images/I/81b9FoaVDWL._AC_UY218_.jpg,"₹17,999","₹24,999",
"Lava Bold 5G (Sapphire Blue, 4GB RAM, 128GB Storage) | 3D Curved FHD+ AMOLED Display | Mediatek Dimensity 6300 Processor | IP64 Water Resistance | 64MP Rear Sensor | Supports All Indian 5G Bands",https://www.amazon.in/Lava-Bold-5G-Dimensity-Resistance/dp/B0F1N2SKSG/ref=sr_1_70?dib=eyJ2IjoiMSJ9.cj_DfCVFF_LeOFJJC12RsFVv4_OTQyh5EwQfMsYjyt6kNBUOi8HKiF4fA4760Mxejxw9Jc9T5Je283csHpipWKpZyJEsLnk4A60EQ4uFW5AGYZCp_m07pTyxMhar7tGcuXqBJBJYBoHMkXP137zacZlTFLJUulUAh8lJNLLqVEYKQoBlSyqMAT043-8BFyGzV3wMlKk09u9NgyvJBvYFjtF0UMtuK5wzcv2JA-kXx_s.L2IOca0fGIskRdnaZX9sJaXYow-gfUeedCiMGIM0uvc&dib_tag=se&keywords=poco&nsdOptOutParam=true&qid=1747734188&sr=8-70,https://m.media-amazon.com/images/I/61ZkAlnVKHL._AC_UY218_.jpg,"₹11,999","₹16,999",
"Lava O3 Pro (Glossy Black, 4 GB RAM, 128 GB Storage)| Bigger 6.56"" HD+ Display | 50 MP AI Triple Rear Camera | 8 MP Front Camera| 5000 mAh Battery | 10W Charging | Charger in Box",https://www.amazon.in/Lava-O3-Glossy-GB-Charging/dp/B0DP911BW3/ref=sr_1_71?dib=eyJ2IjoiMSJ9.cj_DfCVFF_LeOFJJC12RsFVv4_OTQyh5EwQfMsYjyt6kNBUOi8HKiF4fA4760Mxejxw9Jc9T5Je283csHpipWKpZyJEsLnk4A60EQ4uFW5AGYZCp_m07pTyxMhar7tGcuXqBJBJYBoHMkXP137zacZlTFLJUulUAh8lJNLLqVEYKQoBlSyqMAT043-8BFyGzV3wMlKk09u9NgyvJBvYFjtF0UMtuK5wzcv2JA-kXx_s.L2IOca0fGIskRdnaZX9sJaXYow-gfUeedCiMGIM0uvc&dib_tag=se&keywords=poco&nsdOptOutParam=true&qid=1747734188&sr=8-71,https://m.media-amazon.com/images/I/51rZ39CMzyL._AC_UY218_.jpg,"₹6,998","₹8,399",
"POCO M3 (Cool Blue, 6GB RAM, 64GB Storage)",https://www.amazon.in/POCO-M3-Cool-Blue-Storage/dp/B08WKD28SB/ref=sr_1_72?dib=eyJ2IjoiMSJ9.cj_DfCVFF_LeOFJJC12RsFVv4_OTQyh5EwQfMsYjyt6kNBUOi8HKiF4fA4760Mxejxw9Jc9T5Je283csHpipWKpZyJEsLnk4A60EQ4uFW5AGYZCp_m07pTyxMhar7tGcuXqBJBJYBoHMkXP137zacZlTFLJUulUAh8lJNLLqVEYKQoBlSyqMAT043-8BFyGzV3wMlKk09u9NgyvJBvYFjtF0UMtuK5wzcv2JA-kXx_s.L2IOca0fGIskRdnaZX9sJaXYow-gfUeedCiMGIM0uvc&dib_tag=se&keywords=poco&nsdOptOutParam=true&qid=1747734188&sr=8-72,https://m.media-amazon.com/images/I/81zpR-AecqL._AC_UY218_.jpg,"₹9,499","₹12,999",
POCO X6 Pro 5G (Spectre Black 12GB RAM 512GB Storage),https://www.amazon.in/POCO-X6-Pro-5G-Spectre/dp/B0CSDS7MRS/ref=sr_1_73?dib=eyJ2IjoiMSJ9.cj_DfCVFF_LeOFJJC12RsFVv4_OTQyh5EwQfMsYjyt6kNBUOi8HKiF4fA4760Mxejxw9Jc9T5Je283csHpipWKpZyJEsLnk4A60EQ4uFW5AGYZCp_m07pTyxMhar7tGcuXqBJBJYBoHMkXP137zacZlTFLJUulUAh8lJNLLqVEYKQoBlSyqMAT043-8BFyGzV3wMlKk09u9NgyvJBvYFjtF0UMtuK5wzcv2JA-kXx_s.L2IOca0fGIskRdnaZX9sJaXYow-gfUeedCiMGIM0uvc&dib_tag=se&keywords=poco&nsdOptOutParam=true&qid=1747734188&sr=8-73,https://m.media-amazon.com/images/I/71AuNiKey2L._AC_UY218_.jpg,"₹28,990","₹32,999",
"POCO X6 5G (Mirror Black, 12 GB RAM 256 GB Storage)",https://www.amazon.in/POCO-Mirror-Black-RAM-Storage/dp/B0CSDS3XW1/ref=sr_1_74?dib=eyJ2IjoiMSJ9.cj_DfCVFF_LeOFJJC12RsFVv4_OTQyh5EwQfMsYjyt6kNBUOi8HKiF4fA4760Mxejxw9Jc9T5Je283csHpipWKpZyJEsLnk4A60EQ4uFW5AGYZCp_m07pTyxMhar7tGcuXqBJBJYBoHMkXP137zacZlTFLJUulUAh8lJNLLqVEYKQoBlSyqMAT043-8BFyGzV3wMlKk09u9NgyvJBvYFjtF0UMtuK5wzcv2JA-kXx_s.L2IOca0fGIskRdnaZX9sJaXYow-gfUeedCiMGIM0uvc&dib_tag=se&keywords=poco&nsdOptOutParam=true&qid=1747734188&sr=8-74,https://m.media-amazon.com/images/I/71n0XBq7HuL._AC_UY218_.jpg,"₹22,990","₹26,999",
"Fire-Boltt 4G Pro Volte Calling Smart Watch- 2.02” TFT Display, 4G Nano-SIM GPS, Health Suite, Sports Modes, 400mAh Battery (Black)",https://www.amazon.in/sspa/click?ie=UTF8&spc=MToxNzkwODU3NzM4MzQ2MDI5OjE3NDc3MzQxODg6c3BfbXRmOjMwMDE4ODc5NDQ5MjQzMjo6MDo6&url=%2FFire-Boltt-Calling-Display-Nano-SIM-Battery%2Fdp%2FB0CXXDG3LS%2Fref%3Dsr_1_75_sspa%3Fdib%3DeyJ2IjoiMSJ9.cj_DfCVFF_LeOFJJC12RsFVv4_OTQyh5EwQfMsYjyt6kNBUOi8HKiF4fA4760Mxejxw9Jc9T5Je283csHpipWKpZyJEsLnk4A60EQ4uFW5AGYZCp_m07pTyxMhar7tGcuXqBJBJYBoHMkXP137zacZlTFLJUulUAh8lJNLLqVEYKQoBlSyqMAT043-8BFyGzV3wMlKk09u9NgyvJBvYFjtF0UMtuK5wzcv2JA-kXx_s.L2IOca0fGIskRdnaZX9sJaXYow-gfUeedCiMGIM0uvc%26dib_tag%3Dse%26keywords%3Dpoco%26nsdOptOutParam%3Dtrue%26qid%3D1747734188%26sr%3D8-75-spons%26sp_csd%3Dd2lkZ2V0TmFtZT1zcF9tdGY%26psc%3D1,https://m.media-amazon.com/images/I/71aJJQtVnoL._AC_UY218_.jpg,"₹1,949","₹19,999",
"Spigen Essential Sand Blast for Xiaomi Poco X5 5G/Redmi Note 12 5G Case, Poco X5 5G/Redmi Note 12 5G Back Cover - Matte Black",https://www.amazon.in/sspa/click?ie=UTF8&spc=MToxNzkwODU3NzM4MzQ2MDI5OjE3NDc3MzQxODg6c3BfbXRmOjMwMDQyMjA1NTAxNTczMjo6MDo6&url=%2FSpigen-Essential-Blast-Cover-Compatible%2Fdp%2FB0BRX7RWMB%2Fref%3Dsr_1_76_sspa%3Fdib%3DeyJ2IjoiMSJ9.cj_DfCVFF_LeOFJJC12RsFVv4_OTQyh5EwQfMsYjyt6kNBUOi8HKiF4fA4760Mxejxw9Jc9T5Je283csHpipWKpZyJEsLnk4A60EQ4uFW5AGYZCp_m07pTyxMhar7tGcuXqBJBJYBoHMkXP137zacZlTFLJUulUAh8lJNLLqVEYKQoBlSyqMAT043-8BFyGzV3wMlKk09u9NgyvJBvYFjtF0UMtuK5wzcv2JA-kXx_s.L2IOca0fGIskRdnaZX9sJaXYow-gfUeedCiMGIM0uvc%26dib_tag%3Dse%26keywords%3Dpoco%26nsdOptOutParam%3Dtrue%26qid%3D1747734188%26sr%3D8-76-spons%26sp_csd%3Dd2lkZ2V0TmFtZT1zcF9tdGY%26psc%3D1,https://m.media-amazon.com/images/I/81Ouwc5NkJL._AC_UY218_.jpg,₹599,₹799,"Buy 2 items, get 3% off"
"realme NARZO 70 Turbo 5G (Turbo Yellow,6GB RAM,128GB Storage) | Segment's Fastest Dimensity 7300 Energy 5G Chipset | Motorsports Inspired Design",https://www.amazon.in/realme-Segments-Dimensity-Motorsports-Inspired/dp/B0DDTXJ2MX/ref=sr_1_77?dib=eyJ2IjoiMSJ9.cj_DfCVFF_LeOFJJC12RsFVv4_OTQyh5EwQfMsYjyt6kNBUOi8HKiF4fA4760Mxejxw9Jc9T5Je283csHpipWKpZyJEsLnk4A60EQ4uFW5AGYZCp_m07pTyxMhar7tGcuXqBJBJYBoHMkXP137zacZlTFLJUulUAh8lJNLLqVEYKQoBlSyqMAT043-8BFyGzV3wMlKk09u9NgyvJBvYFjtF0UMtuK5wzcv2JA-kXx_s.L2IOca0fGIskRdnaZX9sJaXYow-gfUeedCiMGIM0uvc&dib_tag=se&keywords=poco&nsdOptOutParam=true&qid=1747734188&sr=8-77,https://m.media-amazon.com/images/I/71gdaaBCYHL._AC_UY218_.jpg,"₹14,990","₹19,999",
"POCO X7 5G (Cosmic Silver, 256 GB) (8 GB RAM)",https://www.amazon.in/POCO-Cosmic-Silver-256-RAM/dp/B0DVZSRY1F/ref=sr_1_78?dib=eyJ2IjoiMSJ9.cj_DfCVFF_LeOFJJC12RsFVv4_OTQyh5EwQfMsYjyt6kNBUOi8HKiF4fA4760Mxejxw9Jc9T5Je283csHpipWKpZyJEsLnk4A60EQ4uFW5AGYZCp_m07pTyxMhar7tGcuXqBJBJYBoHMkXP137zacZlTFLJUulUAh8lJNLLqVEYKQoBlSyqMAT043-8BFyGzV3wMlKk09u9NgyvJBvYFjtF0UMtuK5wzcv2JA-kXx_s.L2IOca0fGIskRdnaZX9sJaXYow-gfUeedCiMGIM0uvc&dib_tag=se&keywords=poco&nsdOptOutParam=true&qid=1747734188&sr=8-78,https://m.media-amazon.com/images/I/51pFqyguFUL._AC_UY218_.jpg,"₹19,999","₹27,999",
"Lava O3 (Glossy Lavender, 3 GB RAM, 64 GB Storage) | Biggest 6.75"" HD+ Display | 13MP AI Dual Rear Camera | 5000 mAh Battery | Secure Face Unlock | Fingerprint Reader | Charger & Phone-Cover in Box",https://www.amazon.in/Lava-Glossy-Lavender-Fingerprint-Phone-Cover/dp/B0DP8YLN4Z/ref=sr_1_79?dib=eyJ2IjoiMSJ9.cj_DfCVFF_LeOFJJC12RsFVv4_OTQyh5EwQfMsYjyt6kNBUOi8HKiF4fA4760Mxejxw9Jc9T5Je283csHpipWKpZyJEsLnk4A60EQ4uFW5AGYZCp_m07pTyxMhar7tGcuXqBJBJYBoHMkXP137zacZlTFLJUulUAh8lJNLLqVEYKQoBlSyqMAT043-8BFyGzV3wMlKk09u9NgyvJBvYFjtF0UMtuK5wzcv2JA-kXx_s.L2IOca0fGIskRdnaZX9sJaXYow-gfUeedCiMGIM0uvc&dib_tag=se&keywords=poco&nsdOptOutParam=true&qid=1747734188&sr=8-79,https://m.media-amazon.com/images/I/51b5dGzn2+L._AC_UY218_.jpg,"₹5,798","₹6,699",
"POCO X6 5G (Snowstorm White, 12 GB RAM 256 GB Storage)",https://www.amazon.in/POCO-Snowstorm-White-RAM-Storage/dp/B0CSDQVGZ1/ref=sr_1_80?dib=eyJ2IjoiMSJ9.cj_DfCVFF_LeOFJJC12RsFVv4_OTQyh5EwQfMsYjyt6kNBUOi8HKiF4fA4760Mxejxw9Jc9T5Je283csHpipWKpZyJEsLnk4A60EQ4uFW5AGYZCp_m07pTyxMhar7tGcuXqBJBJYBoHMkXP137zacZlTFLJUulUAh8lJNLLqVEYKQoBlSyqMAT043-8BFyGzV3wMlKk09u9NgyvJBvYFjtF0UMtuK5wzcv2JA-kXx_s.L2IOca0fGIskRdnaZX9sJaXYow-gfUeedCiMGIM0uvc&dib_tag=se&keywords=poco&nsdOptOutParam=true&qid=1747734188&sr=8-80,https://m.media-amazon.com/images/I/71mh+ppnQsL._AC_UY218_.jpg,,,
"POCO M6 5G (Orion Blue, 4GB RAM, 128GB Storage) | MediaTek Dimensity 6100+ 5G Processor | 5000 mAh Battery + 18W Fast Charging | 50 MP AI Dual-Camera System & Side Fingerprint Sensor",https://www.amazon.in/POCO-Dimensity-Processor-Dual-Camera-Fingerprint/dp/B0CQVSKCBW/ref=sr_1_81?dib=eyJ2IjoiMSJ9.cj_DfCVFF_LeOFJJC12RsFVv4_OTQyh5EwQfMsYjyt6kNBUOi8HKiF4fA4760Mxejxw9Jc9T5Je283csHpipWKpZyJEsLnk4A60EQ4uFW5AGYZCp_m07pTyxMhar7tGcuXqBJBJYBoHMkXP137zacZlTFLJUulUAh8lJNLLqVEYKQoBlSyqMAT043-8BFyGzV3wMlKk09u9NgyvJBvYFjtF0UMtuK5wzcv2JA-kXx_s.L2IOca0fGIskRdnaZX9sJaXYow-gfUeedCiMGIM0uvc&dib_tag=se&keywords=poco&nsdOptOutParam=true&qid=1747734188&sr=8-81,https://m.media-amazon.com/images/I/71GKbs-kJ1L._AC_UY218_.jpg,"₹9,350","₹12,999",
"Infinix Note 40 Pro 5G (Vintage Green, 256 GB) (8 GB RAM)",https://www.amazon.in/Infinix-Note-Pro-Vintage-Green/dp/B0CXT5Z79C/ref=sr_1_82?dib=eyJ2IjoiMSJ9.cj_DfCVFF_LeOFJJC12RsFVv4_OTQyh5EwQfMsYjyt6kNBUOi8HKiF4fA4760Mxejxw9Jc9T5Je283csHpipWKpZyJEsLnk4A60EQ4uFW5AGYZCp_m07pTyxMhar7tGcuXqBJBJYBoHMkXP137zacZlTFLJUulUAh8lJNLLqVEYKQoBlSyqMAT043-8BFyGzV3wMlKk09u9NgyvJBvYFjtF0UMtuK5wzcv2JA-kXx_s.L2IOca0fGIskRdnaZX9sJaXYow-gfUeedCiMGIM0uvc&dib_tag=se&keywords=poco&nsdOptOutParam=true&qid=1747734188&sr=8-82,https://m.media-amazon.com/images/I/51-Unh3XuBL._AC_UY218_.jpg,"₹18,270","₹27,999",
"POCO M6 5G (Polaris Green, 6GB RAM, 128GB Storage) | MediaTek Dimensity 6100+ 5G Processor | 5000 mAh Battery + 18W Fast Charging | 50 MP AI Dual-Camera System & Side Fingerprint Sensor",https://www.amazon.in/POCO-Dimensity-Processor-Dual-Camera-Fingerprint/dp/B0CZRNP4B3/ref=sr_1_83?dib=eyJ2IjoiMSJ9.cj_DfCVFF_LeOFJJC12RsFVv4_OTQyh5EwQfMsYjyt6kNBUOi8HKiF4fA4760Mxejxw9Jc9T5Je283csHpipWKpZyJEsLnk4A60EQ4uFW5AGYZCp_m07pTyxMhar7tGcuXqBJBJYBoHMkXP137zacZlTFLJUulUAh8lJNLLqVEYKQoBlSyqMAT043-8BFyGzV3wMlKk09u9NgyvJBvYFjtF0UMtuK5wzcv2JA-kXx_s.L2IOca0fGIskRdnaZX9sJaXYow-gfUeedCiMGIM0uvc&dib_tag=se&keywords=poco&nsdOptOutParam=true&qid=1747734188&sr=8-83,https://m.media-amazon.com/images/I/61TMoKJHgLL._AC_UY218_.jpg,"₹10,999","₹14,999",
"POCO C55 (Cool Blue, 4GB RAM, 64GB Storage)",https://www.amazon.in/POCO-Cool-Blue-64GB-Storage/dp/B0C8B2T57G/ref=sr_1_84?dib=eyJ2IjoiMSJ9.cj_DfCVFF_LeOFJJC12RsFVv4_OTQyh5EwQfMsYjyt6kNBUOi8HKiF4fA4760Mxejxw9Jc9T5Je283csHpipWKpZyJEsLnk4A60EQ4uFW5AGYZCp_m07pTyxMhar7tGcuXqBJBJYBoHMkXP137zacZlTFLJUulUAh8lJNLLqVEYKQoBlSyqMAT043-8BFyGzV3wMlKk09u9NgyvJBvYFjtF0UMtuK5wzcv2JA-kXx_s.L2IOca0fGIskRdnaZX9sJaXYow-gfUeedCiMGIM0uvc&dib_tag=se&keywords=poco&nsdOptOutParam=true&qid=1747734188&sr=8-84,https://m.media-amazon.com/images/I/51TJ-EVSx4L._AC_UY218_.jpg,"₹9,499","₹11,999",
"Spigen Rugged Armor for Xiaomi Poco F4/Redmi K40S Case, Poco F4/Redmi K40S Back Cover - Matte Black",https://www.amazon.in/sspa/click?ie=UTF8&spc=MToxNzkwODU3NzM4MzQ2MDI5OjE3NDc3MzQxODg6c3BfYnRmOjMwMDQyMjA1NTAxNjAzMjo6MDo6&url=%2FSpigen-Rugged-Armor-Cover-Compatible%2Fdp%2FB09T7TSR8R%2Fref%3Dsr_1_85_sspa%3Fdib%3DeyJ2IjoiMSJ9.cj_DfCVFF_LeOFJJC12RsFVv4_OTQyh5EwQfMsYjyt6kNBUOi8HKiF4fA4760Mxejxw9Jc9T5Je283csHpipWKpZyJEsLnk4A60EQ4uFW5AGYZCp_m07pTyxMhar7tGcuXqBJBJYBoHMkXP137zacZlTFLJUulUAh8lJNLLqVEYKQoBlSyqMAT043-8BFyGzV3wMlKk09u9NgyvJBvYFjtF0UMtuK5wzcv2JA-kXx_s.L2IOca0fGIskRdnaZX9sJaXYow-gfUeedCiMGIM0uvc%26dib_tag%3Dse%26keywords%3Dpoco%26nsdOptOutParam%3Dtrue%26qid%3D1747734188%26sr%3D8-85-spons%26sp_csd%3Dd2lkZ2V0TmFtZT1zcF9idGY%26psc%3D1,https://m.media-amazon.com/images/I/61r7bCj+EEL._AC_UY218_.jpg,₹899,"₹1,499","Buy 2 items, get 3% off"
"Spigen Rugged Armor for Xiaomi Redmi Note 10 Lite/Note 9s/Note 9 Pro/Poco M2 Pro Case, Redmi Note 10 Lite/Note 9s/Note 9 Pro/Poco M2 Pro Back Cover - Matte Black",https://www.amazon.in/sspa/click?ie=UTF8&spc=MToxNzkwODU3NzM4MzQ2MDI5OjE3NDc3MzQxODg6c3BfYnRmOjMwMDQyMjA1NTAxNjczMjo6MDo6&url=%2FSpigen-Rugged-Armor-Cover-Compatible%2Fdp%2FB085LRS3W4%2Fref%3Dsr_1_86_sspa%3Fdib%3DeyJ2IjoiMSJ9.cj_DfCVFF_LeOFJJC12RsFVv4_OTQyh5EwQfMsYjyt6kNBUOi8HKiF4fA4760Mxejxw9Jc9T5Je283csHpipWKpZyJEsLnk4A60EQ4uFW5AGYZCp_m07pTyxMhar7tGcuXqBJBJYBoHMkXP137zacZlTFLJUulUAh8lJNLLqVEYKQoBlSyqMAT043-8BFyGzV3wMlKk09u9NgyvJBvYFjtF0UMtuK5wzcv2JA-kXx_s.L2IOca0fGIskRdnaZX9sJaXYow-gfUeedCiMGIM0uvc%26dib_tag%3Dse%26keywords%3Dpoco%26nsdOptOutParam%3Dtrue%26qid%3D1747734188%26sr%3D8-86-spons%26sp_csd%3Dd2lkZ2V0TmFtZT1zcF9idGY%26psc%3D1,https://m.media-amazon.com/images/I/61Bkz1FwZVL._AC_UY218_.jpg,₹899,"₹1,399","Buy 2 items, get 3% off"
